mp-1222655, 0
mp-1025156, 0
mp-1112493, 0
mp-571066, 0
mp-11621, 0
mp-1212975, 0
mp-998974, 0
mp-1187860, 0
mp-1185889, 0
mp-1427, 0
mp-1187962, 0
mp-1111500, 0
mp-1111341, 0
mp-1110899, 0
mp-1113585, 0
mp-1212943, 0
mp-1187879, 0
mp-16272, 0
mp-1186160, 0
mp-864916, 0
mp-1187199, 0
mp-978975, 0
mp-1110972, 0
mp-862890, 0
mp-1013541, 0
mp-1519886, 0
mp-865931, 0
mp-1018012, 0
mp-1519370, 0
mp-2647062, 0
mp-1520906, 0
mp-1187427, 0
mp-1113320, 0
mp-867921, 0
mp-30374, 0
mp-1196117, 0
mp-1113753, 0
mp-862895, 0
mp-861896, 0
mp-978564, 0
mp-1178702, 0
mp-774357, 0
mp-10154, 0
mp-5893, 0
mp-24123, 0
mp-19736, 0
mp-631556, 0
mp-1194136, 0
mp-1182878, 0
mp-1520577, 0
mp-980648, 0
mp-1522682, 0
mp-11487, 0
mp-1110780, 0
mp-1186144, 0
mp-4974, 0
mp-541938, 0
mp-1187908, 0
mp-1523090, 0
mp-1110964, 0
mp-755465, 0
mp-1184886, 0
mp-862372, 0
mp-23167, 0
mp-558960, 0
mp-867208, 0
mp-865367, 0
mp-867287, 0
mp-1207489, 0
mp-563032, 0
mp-1111018, 0
mp-21236, 0
mp-1206989, 0
mp-1207449, 0
mp-998986, 0
mp-1190661, 0
mp-1193308, 0
mp-1184965, 0
mp-1078528, 0
mp-13032, 0
mp-21369, 0
mp-1521559, 0
mp-989388, 0
mp-755610, 0
mp-1187677, 0
mp-1179864, 0
mp-22556, 0
mp-10608, 0
mp-4991, 0
mp-1113622, 0
mp-1024983, 0
mp-1208385, 0
mp-1275750, 0
mp-977427, 0
mp-862319, 0
mp-510402, 0
mp-1002207, 0
mp-1201825, 0
mp-20366, 0
mp-754557, 0
mp-631467, 0
mp-976286, 0
mp-1261874, 0
mp-4324, 0
mp-976446, 0
mp-1112048, 0
mp-1197955, 0
mp-1113632, 0
mp-1077165, 0
mp-865379, 0
mp-1110816, 0
mp-30707, 0
mp-23252, 0
mp-1214371, 0
mp-1009488, 0
mp-1246022, 0
mp-1519733, 0
mp-867151, 0
mp-30806, 0
mp-1183888, 0
mp-12730, 0
mp-867204, 0
mp-1185086, 0
mp-20265, 0
mp-23059, 0
mp-1111832, 0
mp-1186203, 0
mp-19845, 0
mp-21199, 0
mp-1079689, 0
mp-975291, 0
mp-1183395, 0
mp-948, 0
mp-1211638, 0
mp-1112783, 0
mp-865278, 0
mp-1113703, 0
mp-999389, 0
mp-864618, 0
mp-983551, 0
mp-1187442, 0
mp-1018081, 0
mp-1047318, 0
mp-10847, 0
mp-1184065, 0
mp-1008680, 0
mp-983586, 0
mp-1016848, 0
mp-1227764, 0
mp-866664, 0
mp-1205596, 0
mp-1111797, 0
mp-1221625, 0
mp-862361, 0
mp-1157313, 0
mp-1113070, 0
mp-2303, 0
mp-1111146, 0
mp-675212, 0
mp-31208, 0
mp-829, 0
mp-1112567, 0
mp-1110898, 0
mp-571090, 0
mp-862432, 0
mp-1191905, 0
mp-981530, 0
mp-849273, 0
mp-1111184, 0
mp-1181291, 0
mp-1194507, 0
mp-1043129, 0
mp-865248, 0
mp-998980, 0
mp-2229069, 0
mp-2935, 0
mp-974457, 0
mp-2031335, 0
mp-631353, 0
mp-861931, 0
mp-1214633, 0
mp-979431, 0
mp-13771, 0
mp-765442, 0
mp-1038934, 0
mp-30863, 0
mp-865560, 0
mp-972540, 0
mp-1198824, 0
mp-1518261, 0
mp-865434, 0
mp-1523148, 0
mp-1184593, 0
mp-972455, 0
mp-1521465, 0
mp-1009839, 0
mp-1111120, 0
mp-1330, 0
mp-1172462, 0
mp-1516700, 0
mp-1521423, 0
mp-1222647, 0
mp-568800, 0
mp-1228829, 0
mp-1111368, 0
mp-1110670, 0
mp-19309, 0
mp-1183945, 0
mp-2596, 0
mp-1183508, 0
mp-864794, 0
mp-1516456, 0
mp-1113017, 0
mp-16293, 0
mp-1208067, 0
mp-1986, 0
mp-1112204, 0
mp-1111346, 0
mp-2061, 0
mp-30373, 0
mp-1113269, 0
mp-1516760, 0
mp-974832, 0
mp-865365, 0
mp-1078410, 0
mp-977412, 0
mp-21049, 0
mp-5827, 0
mp-974270, 0
mp-170, 0
mp-761178, 0
mp-31055, 0
mp-1111801, 0
mp-1522162, 0
mp-1184839, 0
mp-769359, 0
mp-1113179, 0
mp-1184226, 0
mp-1520146, 0
mp-865029, 0
mp-864732, 0
mp-2765, 0
mp-867835, 0
mp-1183583, 0
mp-1209634, 0
mp-7640, 0
mp-8085, 0
mp-1009540, 0
mp-1206511, 0
mp-1187740, 0
mp-571376, 0
mp-1111728, 0
mp-978796, 0
mp-1522327, 0
mp-866288, 0
mp-6907, 0
mp-865830, 0
mp-1571, 0
mp-1111727, 0
mp-1200887, 0
mp-1201179, 0
mp-903, 0
mp-1206667, 0
mp-22786, 0
mp-1209098, 0
mp-631338, 0
mp-568345, 0
mp-631536, 0
mp-864960, 0
mp-1209942, 0
mp-978285, 0
mp-974617, 0
mp-22875, 0
mp-545603, 0
mp-2840, 0
mp-1222646, 0
mp-457, 0
mp-866051, 0
mp-2647000, 0
mp-865142, 0
mp-1520741, 0
mp-1941, 0
mp-1112122, 0
mp-1214616, 0
mp-1111385, 0
mp-998786, 0
mp-1519654, 0
mp-864659, 0
mp-1517805, 0
mp-1184974, 0
mp-2473, 0
mp-2444, 0
mp-977561, 0
mp-961690, 0
mp-1009048, 0
mp-631472, 0
mp-31339, 0
mp-580541, 0
mp-867969, 0
mp-999189, 0
mp-529, 0
mp-1185618, 0
mp-1522254, 0
mp-1187850, 0
mp-864629, 0
mp-1516686, 0
mp-1183403, 0
mp-866094, 0
mp-866291, 0
mp-1522476, 0
mp-1186793, 0
mp-973834, 0
mp-7580, 0
mp-1205752, 0
mp-647363, 0
mp-21186, 0
mp-20234, 0
mp-866068, 0
mp-1013708, 0
mp-38489, 0
mp-867908, 0
mp-1202185, 0
mp-865715, 0
mp-5955, 0
mp-977, 0
mp-1206517, 0
mp-25053, 0
mp-989541, 0
mp-975199, 0
mp-1187106, 0
mp-1077622, 0
mp-1103893, 0
mp-1519907, 0
mp-30252, 0
mp-871, 0
mp-1113047, 0
mp-1212251, 0
mp-21590, 0
mp-1187955, 0
mp-1780, 0
mp-1184893, 0
mp-1209640, 0
mp-1112583, 0
mp-1516957, 0
mp-38194, 0
mp-1184631, 0
mp-1209484, 0
mp-1209918, 0
mp-6037, 0
mp-1111830, 0
mp-1184991, 0
mp-504731, 0
mp-1520834, 0
mp-1569, 0
mp-1018627, 0
mp-1184637, 0
mp-1207818, 0
mp-865804, 0
mp-1189224, 0
mp-669703, 0
mp-1110698, 0
mp-3951, 0
mp-1013546, 0
mp-973256, 0
mp-1522937, 0
mp-866017, 0
mp-1215073, 0
mp-1227028, 0
mp-2384, 0
mp-1113319, 0
mp-861641, 0
mp-2258, 0
mp-631435, 0
mp-569478, 0
mp-1516465, 0
mp-1214071, 0
mp-1519131, 0
mp-1205934, 0
mp-554375, 0
mp-1186207, 0
mp-1522128, 0
mp-555740, 0
mp-1202765, 0
mp-613402, 0
mp-31173, 0
mp-1111739, 0
mp-20465, 0
mp-1183938, 0
mp-1187345, 0
mp-1184137, 0
mp-979965, 0
mp-1364177, 0
mp-998358, 0
mp-2692, 0
mp-1374, 0
mp-836, 0
mp-1192794, 0
mp-980059, 0
mp-979423, 0
mp-643, 0
mp-1208058, 0
mp-568042, 0
mp-600, 0
mp-1220409, 0
mp-1980, 0
mp-1184070, 0
mp-1201511, 0
mp-865253, 0
mp-1521765, 0
mp-1517216, 0
mp-1009748, 0
mp-1103590, 0
mp-1185767, 0
mp-548615, 0
mp-1245351, 0
mp-1009220, 0
mp-1185320, 0
mp-569703, 0
mp-981380, 0
mp-1185248, 0
mp-30595, 0
mp-1518186, 0
mp-1110597, 0
mp-1199736, 0
mp-1222788, 0
mp-865186, 0
mp-1516729, 0
mp-1113428, 0
mp-1519386, 0
mp-556424, 0
mp-865226, 0
mp-2014, 0
mp-1207631, 0
mp-22915, 0
mp-1110696, 0
mp-8638, 0
mp-1114124, 0
mp-866158, 0
mp-980053, 0
mp-1518469, 0
mp-961715, 0
mp-1186310, 0
mp-21725, 0
mp-1112316, 0
mp-1113303, 0
mp-2377, 0
mp-1111454, 0
mp-1016845, 0
mp-6172, 0
mp-1001918, 0
mp-862920, 0
mp-1517917, 0
mp-866121, 0
mp-1522608, 0
mp-1187861, 0
mp-1212792, 0
mp-973930, 0
mp-1205385, 0
mp-22297, 0
mp-1545, 0
mp-866141, 0
mp-1517130, 0
mp-862635, 0
mp-1185960, 0
mp-568841, 0
mp-1079742, 0
mp-1052, 0
mp-754174, 0
mp-1111632, 0
mp-1517501, 0
mp-15661, 0
mp-1096926, 0
mp-8558, 0
mp-1112834, 0
mp-1100400, 0
mp-1110792, 0
mp-1187355, 0
mp-1206245, 0
mp-1187557, 0
mp-977574, 0
mp-1184520, 0
mp-1185360, 0
mp-977439, 0
mp-1014373, 0
mp-472, 0
mp-1226019, 0
mp-865981, 0
mp-574275, 0
mp-1344, 0
mp-1112472, 0
mp-10015, 0
mp-865271, 0
mp-631674, 0
mp-1111822, 0
mp-1213255, 0
mp-1521749, 0
mp-1113825, 0
mp-1966, 0
mp-1210143, 0
mp-1518593, 0
mp-631527, 0
mp-9935, 0
mp-1516894, 0
mp-30756, 0
mp-1516361, 0
mp-1184477, 0
mp-1188512, 0
mp-1185815, 0
mp-1211864, 0
mp-1207093, 0
mp-865758, 0
mp-1209055, 0
mp-759353, 0
mp-1520157, 0
mp-1522079, 0
mp-1208939, 0
mp-865202, 0
mp-21011, 0
mp-1201611, 0
mp-10751, 0
mp-1521416, 0
mp-755044, 0
mp-1517444, 0
mp-1187151, 0
mp-1520571, 0
mp-1105167, 0
mp-867248, 0
mp-978537, 0
mp-1186579, 0
mp-1208454, 0
mp-631505, 0
mp-1211935, 0
mp-865381, 0
mp-1185613, 0
mp-11572, 0
mp-1111589, 0
mp-862842, 0
mp-1198295, 0
mp-19965, 0
mp-1206806, 0
mp-1192742, 0
mp-1100417, 0
mp-1112345, 0
mp-1114105, 0
mp-2778, 0
mp-866138, 0
mp-646116, 0
mp-1020633, 0
mp-1185433, 0
mp-1112661, 0
mp-1042163, 0
mp-1183314, 0
mp-1112359, 0
mp-1521776, 0
mp-1009077, 0
mp-1217499, 0
mp-1522480, 0
mp-1113967, 0
mp-862559, 0
mp-1105927, 0
mp-1517811, 0
mp-1218429, 0
mp-10764, 0
mp-1518683, 0
mp-1185379, 0
mp-1212279, 0
mp-1517978, 0
mp-865707, 0
mp-1236197, 0
mp-1186766, 0
mp-1232114, 0
mp-1114026, 0
mp-971706, 0
mp-1783, 0
mp-864759, 0
mp-1519934, 0
mp-1111369, 0
mp-561516, 0
mp-1522302, 0
mp-1187617, 0
mp-778480, 0
mp-1185539, 0
mp-866104, 0
mp-1009007, 0
mp-1944812, 0
mp-1179060, 0
mp-1516820, 0
mp-1095039, 0
mp-976143, 0
mp-865376, 0
mp-1522479, 0
mp-281, 0
mp-755239, 0
mp-31168, 0
mp-30340, 0
mp-7811, 0
mp-1212293, 0
mp-1077262, 0
mp-15202, 0
mp-865898, 0
mp-1062711, 0
mp-1006886, 0
mp-976326, 0
mp-1113711, 0
mp-865413, 0
mp-2186, 0
mp-1110810, 0
mp-1519358, 0
mp-11660, 0
mp-30466, 0
mp-1112903, 0
mp-1184732, 0
mp-1207895, 0
mp-504110, 0
mp-1193346, 0
mp-14213, 0
mp-1112970, 0
mp-867160, 0
mp-973969, 0
mp-15501, 0
mp-1113733, 0
mp-23251, 0
mp-10685, 0
mp-983411, 0
mp-30807, 0
mp-1518655, 0
mp-1112351, 0
mp-776400, 0
mp-1106196, 0
mp-1194108, 0
mp-642, 0
mp-621131, 0
mp-1110737, 0
mp-558448, 0
mp-1518608, 0
mp-1186667, 0
mp-746702, 0
mp-1025460, 0
mp-865836, 0
mp-1214080, 0
mp-972022, 0
mp-1100782, 0
mp-1112318, 0
mp-1934, 0
mp-978911, 0
mp-780528, 0
mp-1217287, 0
mp-11523, 0
mp-1184621, 0
mp-1185453, 0
mp-1186004, 0
mp-1194261, 0
mp-1186588, 0
mp-1101975, 0
mp-667320, 0
mp-1214423, 0
mp-13673, 0
mp-989539, 0
mp-1198736, 0
mp-984719, 0
mp-568844, 0
mp-1024040, 0
mp-1183315, 0
mp-1009756, 0
mp-1186200, 0
mp-862692, 0
mp-1205185, 0
mp-1017558, 0
mp-20491, 0
mp-1111924, 0
mp-865237, 0
mp-861954, 0
mp-16334, 0
mp-1518047, 0
mp-961657, 0
mp-864883, 0
mp-1187385, 0
mp-1183553, 0
mp-865680, 0
mp-631528, 0
mp-977558, 0
mp-975049, 0
mp-1184471, 0
mp-1110947, 0
mp-1077075, 0
mp-2002, 0
mp-1185466, 0
mp-1113327, 0
mp-643243, 0
mp-10899, 0
mp-866180, 0
mp-1210153, 0
mp-1187809, 0
mp-542879, 0
mp-1184894, 0
mp-862925, 0
mp-1100396, 0
mp-863724, 0
mp-11422, 0
mp-1112325, 0
mp-22584, 0
mp-631301, 0
mp-23303, 0
mp-2182, 0
mp-1205683, 0
mp-6551, 0
mp-97, 0
mp-1110603, 0
mp-1183183, 0
mp-1521485, 0
mp-1100437, 0
mp-756271, 0
mp-973886, 0
mp-1205742, 0
mp-1185244, 0
mp-10687, 0
mp-1114194, 0
mp-4405, 0
mp-1060962, 0
mp-1185997, 0
mp-1178175, 0
mp-1184379, 0
mp-1516534, 0
mp-1100433, 0
mp-571107, 0
mp-862896, 0
mp-865547, 0
mp-1045723, 0
mp-1110599, 0
mp-1215217, 0
mp-2218282, 0
mp-30591, 0
mp-1516191, 0
mp-1187628, 0
mp-31157, 0
mp-1187930, 0
mp-555775, 0
mp-1187336, 0
mp-1210509, 0
mp-10185, 0
mp-1113926, 0
mp-1183494, 0
mp-977572, 0
mp-8398, 0
mp-1194452, 0
mp-1214614, 0
mp-984769, 0
mp-1205670, 0
mp-961648, 0
mp-1213866, 0
mp-999485, 0
mp-10123, 0
mp-22068, 0
mp-1110671, 0
mp-570632, 0
mp-555792, 0
mp-1183762, 0
mp-1184947, 0
mp-5951, 0
mp-571474, 0
mp-4802, 0
mp-770608, 0
mp-18770, 0
mp-961703, 0
mp-1185498, 0
mp-554622, 0
mp-2232175, 0
mp-1184243, 0
mp-981213, 0
mp-977352, 0
mp-865877, 0
mp-23182, 0
mp-1213683, 0
mp-1516880, 0
mp-1100438, 0
mp-30455, 0
mp-862676, 0
mp-1110844, 0
mp-1224843, 0
mp-1094839, 0
mp-1522919, 0
mp-1217010, 0
mp-983908, 0
mp-1112836, 0
mp-1111990, 0
mp-1077518, 0
mp-753139, 0
mp-1216460, 0
mp-1188796, 0
mp-1236, 0
mp-1519427, 0
mp-551629, 0
mp-1519670, 0
mp-999437, 0
mp-8635, 0
mp-1147678, 0
mp-1217928, 0
mp-1186037, 0
mp-1518971, 0
mp-1210662, 0
mp-1019541, 0
mp-1113560, 0
mp-1214337, 0
mp-1180842, 0
mp-1186999, 0
mp-1206323, 0
mp-11457, 0
mp-10881, 0
mp-1110930, 0
mp-1519567, 0
mp-1519955, 0
mp-1194109, 0
mp-1185018, 0
mp-1185527, 0
mp-1186522, 0
mp-980948, 0
mp-631561, 0
mp-1187926, 0
mp-754524, 0
mp-721759, 0
mp-631895, 0
mp-754046, 0
mp-1516660, 0
mp-1192643, 0
mp-1184778, 0
mp-5944, 0
mp-867223, 0
mp-769597, 0
mp-571310, 0
mp-978528, 0
mp-865076, 0
mp-1247104, 0
mp-12637, 0
mp-1214244, 0
mp-1112268, 0
mp-972156, 0
mp-1038832, 0
mp-4664, 0
mp-1078913, 0
mp-1521619, 0
mp-777789, 0
mp-30439, 0
mp-999498, 0
mp-1211213, 0
mp-1183406, 0
mp-865079, 0
mp-1202600, 0
mp-1214053, 0
mp-3154, 0
mp-862861, 0
mp-1214872, 0
mp-864636, 0
mp-1523252, 0
mp-1516435, 0
mp-557686, 0
mp-1110606, 0
mp-862830, 0
mp-1191889, 0
mp-865577, 0
mp-1247529, 0
mp-631330, 0
mp-1215661, 0
mp-557890, 0
mp-1519180, 0
mp-1386, 0
mp-1187977, 0
mp-2819, 0
mp-542996, 0
mp-768199, 0
mp-20550, 0
mp-1021498, 0
mp-27304, 0
mp-568727, 0
mp-1187481, 0
mp-1112109, 0
mp-1006615, 0
mp-865111, 0
mp-765598, 0
mp-1187466, 0
mp-864756, 0
mp-1245557, 0
mp-818598, 0
mp-865209, 0
mp-19390, 0
mp-980044, 0
mp-540872, 0
mp-1503976, 0
mp-638558, 0
mp-862791, 0
mp-1186133, 0
mp-1191484, 0
mp-1226594, 0
mp-1209577, 0
mp-656, 0
mp-1198152, 0
mp-1370, 0
mp-1120723, 0
mp-22776, 0
mp-1221630, 0
mp-567527, 0
mp-865303, 0
mp-20360, 0
mp-1181331, 0
mp-775161, 0
mp-772952, 0
mp-10740, 0
mp-1186473, 0
mp-1187600, 0
mp-2516, 0
mp-684031, 0
mp-981103, 0
mp-975390, 0
mp-971826, 0
mp-989587, 0
mp-1008677, 0
mp-570153, 0
mp-12641, 0
mp-30555, 0
mp-570845, 0
mp-972236, 0
mp-1517421, 0
mp-1519018, 0
mp-1110664, 0
mp-1111779, 0
mp-1363886, 0
mp-3307, 0
mp-1069526, 0
mp-107, 0
mp-1206953, 0
mp-972660, 0
mp-23080, 0
mp-1009730, 0
mp-1516730, 0
mp-1211055, 0
mp-1185996, 0
mp-978504, 0
mp-550759, 0
mp-1111308, 0
mp-19036, 0
mp-1215017, 0
mp-1186887, 0
mp-983556, 0
mp-989511, 0
mp-861986, 0
mp-865306, 0
mp-1245981, 0
mp-1157332, 0
mp-1009133, 0
mp-2540, 0
mp-1186967, 0
mp-867193, 0
mp-10060, 0
mp-862312, 0
mp-3846, 0
mp-1206402, 0
mp-5478, 0
mp-1186733, 0
mp-1078594, 0
mp-1522791, 0
mp-567978, 0
mp-1187599, 0
mp-1110682, 0
mp-1418, 0
mp-1079486, 0
mp-983062, 0
mp-1106031, 0
mp-1183778, 0
mp-1110759, 0
mp-14388, 0
mp-1112641, 0
mp-1013796, 0
mp-978498, 0
mp-1206590, 0
mp-867343, 0
mp-21392, 0
mp-21850, 0
mp-1129, 0
mp-2560, 0
mp-570959, 0
mp-6985, 0
mp-697030, 0
mp-1113029, 0
mp-1113676, 0
mp-8399, 0
mp-758371, 0
mp-1210982, 0
mp-973895, 0
mp-1213745, 0
mp-1045632, 0
mp-1209966, 0
mp-1522830, 0
mp-865321, 0
mp-865025, 0
mp-1111952, 0
mp-1187344, 0
mp-780142, 0
mp-1516790, 0
mp-865382, 0
mp-1112721, 0
mp-672229, 0
mp-4561, 1
mp-984725, 1
mp-1183107, 1
mp-1185340, 1
mp-1196994, 1
mp-505110, 1
mp-21349, 1
mp-1188929, 1
mp-1184324, 1
mp-1182052, 1
mp-1208638, 1
mp-569048, 1
mp-1080544, 1
mp-1026477, 1
mp-1228204, 1
mp-1221363, 1
mp-12964, 1
mp-1224712, 1
mp-12600, 1
mp-973155, 1
mp-999303, 1
mp-1200923, 1
mp-1214250, 1
mp-1189550, 1
mp-1207538, 1
mp-1094462, 1
mp-31065, 1
mp-1389151, 1
mp-9007, 1
mp-571365, 1
mp-1191504, 1
mp-760328, 1
mp-1026492, 1
mp-2011351, 1
mp-681992, 1
mp-1208023, 1
mp-1186753, 1
mp-1212093, 1
mp-1192925, 1
mp-1223697, 1
mp-1223605, 1
mp-1224803, 1
mp-30907, 1
mp-557853, 1
mp-1185642, 1
mp-973965, 1
mp-1211826, 1
mp-11367, 1
mp-1023478, 1
mp-1028227, 1
mp-1228254, 1
mp-1025449, 1
mp-582029, 1
mp-1205299, 1
mp-981699, 1
mp-564, 1
mp-756888, 1
mp-1222029, 1
mp-8951, 1
mp-1026689, 1
mp-1206809, 1
mp-1079816, 1
mp-1028125, 1
mp-1183957, 1
mp-1183441, 1
mp-29750, 1
mp-624214, 1
mp-1103211, 1
mp-1199868, 1
mp-1182219, 1
mp-1213926, 1
mp-1079405, 1
mp-1226177, 1
mp-21045, 1
mp-1226946, 1
mp-1223886, 1
mp-540956, 1
mp-980194, 1
mp-16917, 1
mp-1208824, 1
mp-732235, 1
mp-979234, 1
mp-11670, 1
mp-3216222, 1
mp-1197933, 1
mp-1226659, 1
mp-1217162, 1
mp-863751, 1
mp-1196391, 1
mp-1216796, 1
mp-978919, 1
mp-1187501, 1
mp-1246050, 1
mp-1226878, 1
mp-1018826, 1
mp-1184723, 1
mp-1184792, 1
mp-1215064, 1
mp-1188915, 1
mp-1212558, 1
mp-1209412, 1
mp-1194204, 1
mp-1180456, 1
mp-23208, 1
mp-977126, 1
mp-1083, 1
mp-28522, 1
mp-607139, 1
mp-29458, 1
mp-1212094, 1
mp-2215, 1
mp-504952, 1
mp-18450, 1
mp-599, 1
mp-1220941, 1
mp-563000, 1
mp-1224131, 1
mp-5615, 1
mp-1245645, 1
mp-1025496, 1
mp-1016262, 1
mp-761063, 1
mp-545974, 1
mp-1106322, 1
mp-1026834, 1
mp-1225049, 1
mp-1222960, 1
mp-1078964, 1
mp-1191285, 1
mp-1189228, 1
mp-1514, 1
mp-976581, 1
mp-15679, 1
mp-21878, 1
mp-1198525, 1
mp-1028349, 1
mp-1018785, 1
mp-1222883, 1
mp-1245887, 1
mp-1215156, 1
mp-849079, 1
mp-1210507, 1
mp-981563, 1
mp-2751389, 1
mp-1245910, 1
mp-1079623, 1
mp-10193, 1
mp-1183666, 1
mp-27529, 1
mp-1080351, 1
mp-1072712, 1
mp-1183874, 1
mp-780493, 1
mp-10509, 1
mp-1186364, 1
mp-1185555, 1
mp-1201523, 1
mp-1095172, 1
mp-1218372, 1
mp-1009823, 1
mp-561406, 1
mp-1102328, 1
mp-8481, 1
mp-7977, 1
mp-1026666, 1
mp-18701, 1
mp-12627, 1
mp-1219438, 1
mp-9957, 1
mp-8389, 1
mp-1207427, 1
mp-1227417, 1
mp-1038873, 1
mp-571589, 1
mp-1037, 1
mp-1207721, 1
mp-774, 1
mp-542729, 1
mp-757, 1
mp-979263, 1
mp-1237201, 1
mp-1079904, 1
mp-1027833, 1
mp-3708, 1
mp-28614, 1
mp-567428, 1
mp-1196360, 1
mp-27652, 1
mp-1101052, 1
mp-768267, 1
mp-1028206, 1
mp-1028181, 1
mp-21518, 1
mp-21407, 1
mp-31385, 1
mp-1207814, 1
mp-17171, 1
mp-1025799, 1
mp-1184809, 1
mp-567856, 1
mp-2647025, 1
mp-1101265, 1
mp-13202, 1
mp-1186204, 1
mp-1191458, 1
mp-1184346, 1
mp-16336, 1
mp-1218967, 1
mp-1101983, 1
mp-1184919, 1
mp-123, 1
mp-1206314, 1
mp-1078961, 1
mp-1209374, 1
mp-16258, 1
mp-9919, 1
mp-1183742, 1
mp-1078929, 1
mp-1211221, 1
mp-30874, 1
mp-1026668, 1
mp-1102404, 1
mp-1544196, 1
mp-543001, 1
mp-1246811, 1
mp-1217616, 1
mp-1188470, 1
mp-30873, 1
mp-1094580, 1
mp-1106180, 1
mp-23126, 1
mp-581781, 1
mp-1186048, 1
mp-1191327, 1
mp-18954, 1
mp-1007768, 1
mp-1184795, 1
mp-1217586, 1
mp-1213815, 1
mp-1207898, 1
mp-17161, 1
mp-998969, 1
mp-1225584, 1
mp-510439, 1
mp-571472, 1
mp-1185966, 1
mp-1021424, 1
mp-1205963, 1
mp-569819, 1
mp-1204177, 1
mp-11193, 1
mp-1190085, 1
mp-1188605, 1
mp-1185579, 1
mp-1228623, 1
mp-1190315, 1
mp-1184539, 1
mp-570393, 1
mp-10597, 1
mp-1211259, 1
mp-2133, 1
mp-1094665, 1
mp-1102346, 1
mp-9737, 1
mp-505212, 1
mp-1207927, 1
mp-29939, 1
mp-569425, 1
mp-1206016, 1
mp-1078018, 1
mp-1026895, 1
mp-30223, 1
mp-3597, 1
mp-1019094, 1
mp-1186525, 1
mp-850005, 1
mp-1015, 1
mp-1214536, 1
mp-560815, 1
mp-9025, 1
mp-11855, 1
mp-1094423, 1
mp-10161, 1
mp-862668, 1
mp-1186230, 1
mp-24416, 1
mp-1186527, 1
mp-1101695, 1
mp-1028375, 1
mp-1226069, 1
mp-541084, 1
mp-3742, 1
mp-1191941, 1
mp-1094253, 1
mp-3268, 1
mp-1227490, 1
mp-571306, 1
mp-1205756, 1
mp-1091389, 1
mp-1188159, 1
mp-1202750, 1
mp-1027995, 1
mp-1182901, 1
mp-1245506, 1
mp-1189245, 1
mp-1104663, 1
mp-1018690, 1
mp-1186614, 1
mp-1080098, 1
mp-1094023, 1
mp-1018729, 1
mp-983459, 1
mp-1193166, 1
mp-625677, 1
mp-2752072, 1
mp-1213274, 1
mp-997003, 1
mp-1191615, 1
mp-1087473, 1
mp-1193669, 1
mp-10027, 1
mp-1027854, 1
mp-7940, 1
mp-1218018, 1
mp-1026798, 1
mp-2647044, 1
mp-2217817, 1
mp-21320, 1
mp-1186060, 1
mp-2217302, 1
mp-38, 1
mp-567406, 1
mp-1185299, 1
mp-1217832, 1
mp-1027973, 1
mp-2748208, 1
mp-27208, 1
mp-582819, 1
mp-1245812, 1
mp-571598, 1
mp-1208763, 1
mp-773140, 1
mp-1079860, 1
mp-7093, 1
mp-1026819, 1
mp-33031, 1
mp-1026604, 1
mp-16841, 1
mp-1186057, 1
mp-1220063, 1
mp-541010, 1
mp-862844, 1
mp-1739, 1
mp-2044367, 1
mp-1199296, 1
mp-1186423, 1
mp-997008, 1
mp-21204, 1
mp-1028232, 1
mp-1212806, 1
mp-1188278, 1
mp-1027866, 1
mp-861440, 1
mp-976892, 1
mp-1102030, 1
mp-1188428, 1
mp-20899, 1
mp-88, 1
mp-1201029, 1
mp-1184705, 1
mp-976031, 1
mp-22972, 1
mp-771960, 1
mp-1016323, 1
mp-1184003, 1
mp-1203033, 1
mp-1190692, 1
mp-12892, 1
mp-19385, 1
mp-1189127, 1
mp-1186339, 1
mp-1095560, 1
mp-1221532, 1
mp-1102948, 1
mp-10643, 1
mp-1193601, 1
mp-1226409, 1
mp-556282, 1
mp-1208268, 1
mp-1445035, 1
mp-21227, 1
mp-1026431, 1
mp-1183591, 1
mp-1180557, 1
mp-1205531, 1
mp-1208388, 1
mp-1731, 1
mp-1185319, 1
mp-1028038, 1
mp-768149, 1
mp-1246377, 1
mp-22517, 1
mp-1079780, 1
mp-570904, 1
mp-1192699, 1
mp-1205565, 1
mp-1188053, 1
mp-861592, 1
mp-23679, 1
mp-26, 1
mp-555932, 1
mp-1184337, 1
mp-1025654, 1
mp-1245578, 1
mp-9631, 1
mp-1026744, 1
mp-1186546, 1
mp-1008500, 1
mp-1025685, 1
mp-1178608, 1
mp-1206331, 1
mp-505692, 1
mp-1220720, 1
mp-1209352, 1
mp-570297, 1
mp-977225, 1
mp-865350, 1
mp-997106, 1
mp-1185301, 1
mp-568565, 1
mp-1185562, 1
mp-1025030, 1
mp-1018053, 1
mp-557961, 1
mp-622508, 1
mp-1186860, 1
mp-1095697, 1
mp-30809, 1
mp-504607, 1
mp-10257, 1
mp-756195, 1
mp-1201665, 1
mp-22683, 1
mp-21167, 1
mp-1225438, 1
mp-1205318, 1
mp-1245579, 1
mp-554389, 1
mp-1028220, 1
mp-1079219, 1
mp-1105577, 1
mp-1094093, 1
mp-1199370, 1
mp-3217263, 1
mp-1210673, 1
mp-974326, 1
mp-394, 1
mp-1212765, 1
mp-1025690, 1
mp-1246613, 1
mp-1102205, 1
mp-1101091, 1
mp-1219721, 1
mp-1213018, 1
mp-1384466, 1
mp-1209342, 1
mp-559031, 1
mp-1219085, 1
mp-7149, 1
mp-567844, 1
mp-1213873, 1
mp-1208548, 1
mp-19740, 1
mp-1246134, 1
mp-1094920, 1
mp-865353, 1
mp-1220023, 1
mp-1102705, 1
mp-865005, 1
mp-971794, 1
mp-1188640, 1
mp-1186056, 1
mp-1080806, 1
mp-1207404, 1
mp-1184454, 1
mp-1181137, 1
mp-984635, 1
mp-984555, 1
mp-1096993, 1
mp-1101994, 1
mp-567767, 1
mp-1208368, 1
mp-1080052, 1
mp-1200026, 1
mp-1184058, 1
mp-18407, 1
mp-680434, 1
mp-541485, 1
mp-1027966, 1
mp-1102438, 1
mp-540691, 1
mp-2845, 1
mp-1223806, 1
mp-1223814, 1
mp-1227239, 1
mp-758598, 1
mp-8120, 1
mp-7497, 1
mp-1079682, 1
mp-1027869, 1
mp-862770, 1
mp-1193800, 1
mp-1198361, 1
mp-1026515, 1
mp-1029357, 1
mp-1184316, 1
mp-648988, 1
mp-1191745, 1
mp-1026585, 1
mp-1189717, 1
mp-5114, 1
mp-510539, 1
mp-1200103, 1
mp-13474, 1
mp-4219, 1
mp-8605, 1
mp-22167, 1
mp-972534, 1
mp-1007824, 1
mp-23378, 1
mp-1094226, 1
mp-1212749, 1
mp-5457, 1
mp-1214269, 1
mp-977059, 1
mp-1207431, 1
mp-1206550, 1
mp-1079729, 1
mp-1078402, 1
mp-16513, 1
mp-1215751, 1
mp-28282, 1
mp-556674, 1
mp-1102236, 1
mp-1186186, 1
mp-1222741, 1
mp-1028009, 1
mp-500, 1
mp-22237, 1
mp-1183903, 1
mp-1042552, 1
mp-10463, 1
mp-1206012, 1
mp-560725, 1
mp-18635, 1
mp-1207663, 1
mp-1025838, 1
mp-571248, 1
mp-698206, 1
mp-1026764, 1
mp-569050, 1
mp-1100344, 1
mp-182, 1
mp-1026448, 1
mp-1184314, 1
mp-17023, 1
mp-1222252, 1
mp-1206505, 1
mp-1187969, 1
mp-1225736, 1
mp-1207086, 1
mp-12378, 1
mp-1183116, 1
mp-1205899, 1
mp-31148, 1
mp-1211229, 1
mp-1104674, 1
mp-1228020, 1
mp-1849, 1
mp-1204736, 1
mp-1026754, 1
mp-38021, 1
mp-780049, 1
mp-1345, 1
mp-1205843, 1
mp-975657, 1
mp-23029, 1
mp-1213881, 1
mp-1215601, 1
mp-80, 1
mp-1025819, 1
mp-1204087, 1
mp-685136, 1
mp-1226436, 1
mp-570035, 1
mp-1188823, 1
mp-570419, 1
mp-1226844, 1
mp-1225267, 1
mp-1026850, 1
mp-570156, 1
mp-1183351, 1
mp-976867, 1
mp-28317, 1
mp-979614, 1
mp-1213088, 1
mp-863035, 1
mp-567290, 1
mp-772287, 1
mp-1106401, 1
mp-1212127, 1
mp-1207745, 1
mp-1210094, 1
mp-1091370, 1
mp-1222937, 1
mp-1094742, 1
mp-561103, 1
mp-24011, 1
mp-570071, 1
mp-21906, 1
mp-696057, 1
mp-4989, 1
mp-12906, 1
mp-1207221, 1
mp-1079003, 1
mp-6977, 1
mp-1178574, 1
mp-3630, 1
mp-1246503, 1
mp-1186290, 1
mp-1006059, 1
mp-1185605, 1
mp-1209408, 1
mp-1028104, 1
mp-1207400, 1
mp-8306, 1
mp-1188035, 1
mp-1227899, 1
mp-20125, 1
mp-9989, 1
mp-1215464, 1
mp-1016274, 1
mp-1210265, 1
mp-976126, 1
mp-1535, 1
mp-861867, 1
mp-1216890, 1
mp-570752, 1
mp-1027870, 1
mp-567926, 1
mp-19858, 1
mp-569866, 1
mp-976583, 1
mp-9387, 1
mp-11212, 1
mp-777904, 1
mp-12905, 1
mp-1209934, 1
mp-16868, 1
mp-1208303, 1
mp-9837, 1
mp-554501, 1
mp-1217428, 1
mp-8126, 1
mp-1078610, 1
mp-1183357, 1
mp-1026513, 1
mp-2911857, 1
mp-1025102, 1
mp-777799, 1
mp-11472, 1
mp-21090, 1
mp-1187989, 1
mp-1213200, 1
mp-1079826, 1
mp-972692, 1
mp-1183653, 1
mp-809, 1
mp-37949, 1
mp-1222385, 1
mp-1080760, 1
mp-1094487, 1
mp-1209978, 1
mp-1247344, 1
mp-1027957, 1
mp-1104806, 1
mp-8045, 1
mp-557523, 1
mp-1214836, 1
mp-2646985, 1
mp-1018743, 1
mp-973634, 1
mp-1079845, 1
mp-567262, 1
mp-1103423, 1
mp-1210823, 1
mp-1103082, 1
mp-1194875, 1
mp-1080698, 1
mp-1225335, 1
mp-1009655, 1
mp-1218679, 1
mp-1106145, 1
mp-1026427, 1
mp-1396942, 1
mp-19862, 1
mp-1027947, 1
mp-1214606, 1
mp-1185948, 1
mp-1225612, 1
mp-1206647, 1
mp-1104337, 1
mp-865301, 1
mp-684675, 1
mp-1209, 1
mp-1185641, 1
mp-557981, 1
mp-12961, 1
mp-1026510, 1
mp-1184920, 1
mp-555277, 1
mp-619067, 1
mp-1102024, 1
mp-1179493, 1
mp-1079744, 1
mp-1207123, 1
mp-1183265, 1
mp-1186844, 1
mp-13178, 1
mp-1226808, 1
mp-23110, 1
mp-1188151, 1
mp-1181055, 1
mp-1102233, 1
mp-2610, 1
mp-1180331, 1
mp-1019259, 1
mp-1184301, 1
mp-567912, 1
mp-1232410, 1
mp-680695, 1
mp-35644, 1
mp-754875, 1
mp-1219054, 1
mp-669, 1
mp-1812, 1
mp-20935, 1
mp-978989, 1
mp-1102431, 1
mp-997630, 1
mp-68, 1
mp-1226533, 1
mp-766003, 1
mp-1104709, 1
mp-971901, 1
mp-1106084, 1
mp-1225157, 1
mp-1183506, 1
mp-1016277, 1
mp-1018742, 1
mp-1101922, 1
mp-1026849, 1
mp-30734, 1
mp-2359, 1
mp-9350, 1
mp-1251690, 1
mp-1102210, 1
mp-1226802, 1
mp-1079148, 1
mp-1207525, 1
mp-1212061, 1
mp-973415, 1
mp-1026610, 1
mp-778197, 1
mp-1216531, 1
mp-867229, 1
mp-22860, 1
mp-560806, 1
mp-1214090, 1
mp-1187553, 1
mp-540631, 1
mp-867865, 1
mp-582240, 1
mp-13312, 1
mp-984744, 1
mp-753554, 1
mp-12398, 1
mp-7140, 1
mp-972318, 1
mp-1205789, 1
mp-1179530, 1
mp-1222051, 1
mp-1184702, 1
mp-558042, 1
mp-1184885, 1
mp-1196045, 1
mp-1094319, 1
mp-1018942, 1
mp-1207445, 1
mp-1187852, 1
mp-999540, 1
mp-4538, 1
mp-1217318, 1
mp-1220351, 1
mp-900, 1
mp-7760, 1
mp-1208868, 1
mp-557211, 1
mp-1206957, 1
mp-1185913, 1
mp-1185906, 1
mp-1191530, 1
mp-1028296, 1
mp-30739, 1
mp-861487, 1
mp-1208344, 1
mp-1206854, 1
mp-1025024, 1
mp-570963, 1
mp-720712, 1
mp-1205937, 1
mp-1202187, 1
mp-11987, 1
mp-559523, 1
mp-1178449, 1
mp-1008733, 1
mp-18303, 1
mp-1204517, 1
mp-1190304, 1
mp-1218350, 1
mp-7804, 1
mp-16662, 1
mp-1214915, 1
mp-571347, 1
mp-1524385, 1
mp-638079, 1
mp-1206002, 1
mp-1185784, 1
mp-867317, 1
mp-1192210, 1
mp-649619, 1
mp-973740, 1
mp-1219280, 1
mp-1009695, 1
mp-1183099, 1
mp-1096994, 1
mp-1223655, 1
mp-8124, 1
mp-1064367, 1
mp-22402, 1
mp-30675, 1
mp-974568, 1
mp-1026728, 1
mp-1102111, 1
mp-1105603, 1
mp-21127, 1
mp-866605, 1
mp-1184367, 1
mp-625733, 1
mp-1028346, 1
mp-568630, 1
mp-753119, 1
mp-1192335, 1
mp-1188034, 1
mp-1209618, 1
mp-1018671, 1
mp-1039142, 1
mp-1219008, 1
mp-1219858, 1
mp-1203771, 1
mp-1042756, 1
mp-1197405, 1
mp-12171, 1
mp-1205860, 1
mp-1200240, 1
mp-28607, 1
mp-1186219, 1
mp-1206561, 1
mp-759910, 1
mp-1183425, 1
mp-568985, 1
mp-983235, 1
mp-1213139, 1
mp-532105, 1
mp-1228118, 1
mp-865190, 1
mp-1214621, 1
mp-1210018, 1
mp-1189755, 1
mp-568698, 1
mp-1227627, 1
mp-11073, 1
mp-1217188, 1
mp-1103089, 1
mp-1185534, 1
mp-975592, 1
mp-2208518, 1
mp-764233, 1
mp-1187234, 1
mp-1027782, 1
mp-570000, 1
mp-1206451, 1
mp-1102150, 1
mp-2538, 1
mp-1026443, 1
mp-1216046, 1
mp-4678, 1
mp-983152, 1
mp-1183710, 1
mp-10333, 1
mp-21718, 1
mp-1227964, 1
mp-1217617, 1
mp-1039355, 1
mp-1028222, 1
mp-1219087, 1
mp-20051, 1
mp-1226539, 1
mp-1245483, 1
mp-1667, 1
mp-1205904, 1
mp-1216692, 1
mp-865598, 1
mp-1203197, 1
mp-1194016, 1
mp-1200410, 1
mp-1225441, 1
mp-20886, 1
mp-1215211, 1
mp-556372, 1
mp-1208409, 1
mp-862665, 1
mp-1189433, 1
mp-1186398, 1
mp-1026766, 1
mp-866755, 1
mp-985561, 1
mp-24012, 1
mp-1077900, 1
mp-20879, 1
mp-676095, 1
mp-1079842, 1
mp-976128, 1
mp-1201399, 1
mp-1023508, 1
mp-3570, 1
mp-1028210, 1
mp-12947, 1
mp-1206881, 1
mp-1191831, 1
mp-7775, 1
mp-1211372, 1
mp-1210647, 1
mp-1213609, 1
mp-20522, 1
mp-1079093, 1
mp-20568, 1
mp-5757, 1
mp-1105567, 1
mp-13173, 1
mp-2837, 1
mp-1217874, 1
mp-1028108, 1
mp-12563, 1
mp-1332980, 1
mp-1026489, 1
mp-1224263, 1
mp-1186303, 1
mp-1208729, 1
mp-1223607, 1
mp-18509, 1
mp-31326, 1
mp-1245825, 1
mp-971788, 1
mp-22149, 1
mp-1016279, 1
mp-1027847, 1
mp-1186030, 1
mp-1183126, 1
mp-643655, 1
mp-1209635, 1
mp-561305, 1
mp-559929, 1
mp-1197765, 1
mp-1208838, 1
mp-1104242, 1
mp-1245769, 1
mp-1210655, 1
mp-1181434, 1
mp-771704, 1
mp-1212453, 1
mp-1186128, 1
mp-29620, 1
mp-638, 1
mp-757558, 1
mp-3084, 1
mp-556103, 1
mp-1026845, 1
mp-1101792, 1
mp-2025, 1
mp-30086, 2
mp-2219947, 2
mp-1094452, 2
mp-779463, 2
mp-6167, 2
mp-1190598, 2
mp-1188211, 2
mp-505659, 2
mp-28079, 2
mp-6272, 2
mp-728768, 2
mp-758291, 2
mp-685158, 2
mp-1181570, 2
mp-1044650, 2
mp-766513, 2
mp-31906, 2
mp-1208755, 2
mp-722472, 2
mp-754326, 2
mp-555215, 2
mp-635322, 2
mp-1210310, 2
mp-1353855, 2
mp-24476, 2
mp-1174325, 2
mp-2902487, 2
mp-1025151, 2
mp-1100723, 2
mp-1277859, 2
mp-753112, 2
mp-1214703, 2
mp-560083, 2
mp-1045901, 2
mp-2230045, 2
mp-1175529, 2
mp-1196696, 2
mp-1638869, 2
mp-29343, 2
mp-1445156, 2
mp-2227383, 2
mp-505639, 2
mp-849991, 2
mp-743864, 2
mp-1222046, 2
mp-768992, 2
mp-1212274, 2
mp-7293, 2
mp-1227106, 2
mp-1221345, 2
mp-755643, 2
mp-1225150, 2
mp-1100677, 2
mp-1209868, 2
mp-1215897, 2
mp-29160, 2
mp-2219080, 2
mp-1195704, 2
mp-1104357, 2
mp-777542, 2
mp-1354918, 2
mp-1340585, 2
mp-532433, 2
mp-1182685, 2
mp-1013565, 2
mp-2241072, 2
mp-770924, 2
mp-28038, 2
mp-2230700, 2
mp-1041693, 2
mp-2232487, 2
mp-763259, 2
mp-1213749, 2
mp-1199823, 2
mp-1210593, 2
mp-1639105, 2
mp-558250, 2
mp-19487, 2
mp-1216482, 2
mp-1221459, 2
mp-2713620, 2
mp-2457, 2
mp-1226678, 2
mp-755937, 2
mp-1179978, 2
mp-628726, 2
mp-8709, 2
mp-2226385, 2
mp-915377, 2
mp-1106381, 2
mp-34195, 2
mp-1225434, 2
mp-541378, 2
mp-1213085, 2
mp-1210671, 2
mp-2215863, 2
mp-2229380, 2
mp-998156, 2
mp-1288525, 2
mp-2214451, 2
mp-1101530, 2
mp-752778, 2
mp-555618, 2
mp-1224150, 2
mp-28780, 2
mp-1204235, 2
mp-555592, 2
mp-1080367, 2
mp-1181527, 2
mp-1105367, 2
mp-1236411, 2
mp-1198558, 2
mp-1174259, 2
mp-753620, 2
mp-720196, 2
mp-775134, 2
mp-1101049, 2
mp-722246, 2
mp-625939, 2
mp-1047903, 2
mp-1227819, 2
mp-1338829, 2
mp-1213486, 2
mp-753857, 2
mp-1227237, 2
mp-29710, 2
mp-1229091, 2
mp-1520775, 2
mp-1193841, 2
mp-16291, 2
mp-2224874, 2
mp-1193731, 2
mp-1246306, 2
mp-753512, 2
mp-1221789, 2
mp-773015, 2
mp-556419, 2
mp-1228514, 2
mp-1182433, 2
mp-4249, 2
mp-1198766, 2
mp-1301849, 2
mp-698295, 2
mp-1309401, 2
mp-1219017, 2
mp-1094619, 2
mp-757597, 2
mp-1193333, 2
mp-1982329, 2
mp-1206981, 2
mp-30521, 2
mp-2218503, 2
mp-772077, 2
mp-1094901, 2
mp-25946, 2
mp-1198786, 2
mp-1238119, 2
mp-1977409, 2
mp-752877, 2
mp-566534, 2
mp-1211192, 2
mp-555591, 2
mp-675450, 2
mp-1221323, 2
mp-753005, 2
mp-757649, 2
mp-687212, 2
mp-1196308, 2
mp-684827, 2
mp-1211965, 2
mp-1191980, 2
mp-1043713, 2
mp-1196903, 2
mp-1217800, 2
mp-1214020, 2
mp-559818, 2
mp-585354, 2
mp-625074, 2
mp-861113, 2
mp-572794, 2
mp-887315, 2
mp-1203505, 2
mp-1196463, 2
mp-1105697, 2
mp-849296, 2
mp-1393890, 2
mp-753249, 2
mp-1174174, 2
mp-1041165, 2
mp-759505, 2
mp-1201357, 2
mp-1226249, 2
mp-989651, 2
mp-753523, 2
mp-707852, 2
mp-2014814, 2
mp-37310, 2
mp-760843, 2
mp-772986, 2
mp-2230064, 2
mp-1214101, 2
mp-761840, 2
mp-559104, 2
mp-625856, 2
mp-2240691, 2
mp-1106311, 2
mp-863294, 2
mp-1219787, 2
mp-721294, 2
mp-2230552, 2
mp-976313, 2
mp-766481, 2
mp-554442, 2
mp-1191519, 2
mp-6568, 2
mp-767149, 2
mp-730522, 2
mp-2240281, 2
mp-568433, 2
mp-989615, 2
mp-18411, 2
mp-1235458, 2
mp-1100598, 2
mp-2046031, 2
mp-2767430, 2
mp-680480, 2
mp-849398, 2
mp-752960, 2
mp-1353956, 2
mp-1214935, 2
mp-1196792, 2
mp-1222546, 2
mp-1201734, 2
mp-770725, 2
mp-1225603, 2
mp-1210891, 2
mp-1199066, 2
mp-759924, 2
mp-1226285, 2
mp-1173789, 2
mp-1217181, 2
mp-1303127, 2
mp-690241, 2
mp-1189407, 2
mp-755359, 2
mp-707986, 2
mp-680468, 2
mp-1188358, 2
mp-1044207, 2
mp-720644, 2
mp-1095287, 2
mp-752956, 2
mp-1193998, 2
mp-1223102, 2
mp-1101836, 2
mp-1217751, 2
mp-765615, 2
mp-557705, 2
mp-643346, 2
mp-2231997, 2
mp-1211755, 2
mp-1215125, 2
mp-1194553, 2
mp-1220755, 2
mp-1207607, 2
mp-2713531, 2
mp-1046492, 2
mp-768388, 2
mp-1213692, 2
mp-1076529, 2
mp-771289, 2
mp-776727, 2
mp-531782, 2
mp-1178318, 2
mp-1215347, 2
mp-1005831, 2
mp-1227662, 2
mp-770646, 2
mp-1224772, 2
mp-1199333, 2
mp-849336, 2
mp-2713710, 2
mp-680417, 2
mp-28975, 2
mp-1173214, 2
mp-25469, 2
mp-2240895, 2
mp-1003638, 2
mp-715811, 2
mp-1104369, 2
mp-642795, 2
mp-1199969, 2
mp-753615, 2
mp-30027, 2
mp-779056, 2
mp-768103, 2
mp-1203311, 2
mp-758093, 2
mp-1073598, 2
mp-504605, 2
mp-17433, 2
mp-780095, 2
mp-1224587, 2
mp-1219364, 2
mp-2228381, 2
mp-23595, 2
mp-1216697, 2
mp-1214032, 2
mp-2715509, 2
mp-1225228, 2
mp-1104453, 2
mp-1174304, 2
mp-1567687, 2
mp-505133, 2
mp-1079754, 2
mp-556039, 2
mp-625871, 2
mp-1199217, 2
mp-1177917, 2
mp-756084, 2
mp-1181459, 2
mp-2229476, 2
mp-1041894, 2
mp-1197010, 2
mp-1181612, 2
mp-1201023, 2
mp-753438, 2
mp-568157, 2
mp-1047046, 2
mp-1227703, 2
mp-1224881, 2
mp-556965, 2
mp-1213147, 2
mp-776267, 2
mp-1232276, 2
mp-1080203, 2
mp-760266, 2
mp-2713294, 2
mp-1209293, 2
mp-1388665, 2
mp-2228471, 2
mp-759927, 2
mp-1227172, 2
mp-1227661, 2
mp-26403, 2
mp-25813, 2
mp-1306478, 2
mp-1039050, 2
mp-552056, 2
mp-561065, 2
mp-1228250, 2
mp-2228441, 2
mp-753263, 2
mp-850027, 2
mp-1445397, 2
mp-726673, 2
mp-1080321, 2
mp-1185865, 2
mp-1225645, 2
mp-559395, 2
mp-1209922, 2
mp-12368, 2
mp-1238443, 2
mp-720262, 2
mp-1222086, 2
mp-727311, 2
mp-1190974, 2
mp-758519, 2
mp-1192452, 2
mp-1225546, 2
mp-1096949, 2
mp-1210931, 2
mp-1041588, 2
mp-1214963, 2
mp-37727, 2
mp-1247555, 2
mp-1224906, 2
mp-849534, 2
mp-1210698, 2
mp-1222817, 2
mp-1179088, 2
mp-581361, 2
mp-1203294, 2
mp-1275201, 2
mp-771343, 2
mp-585339, 2
mp-779282, 2
mp-1201733, 2
mp-17965, 2
mp-759875, 2
mp-1217149, 2
mp-774368, 2
mp-1181863, 2
mp-2715438, 2
mp-764074, 2
mp-1305942, 2
mp-1201547, 2
mp-2230316, 2
mp-690548, 2
mp-1227808, 2
mp-1275133, 2
mp-771261, 2
mp-1046651, 2
mp-638253, 2
mp-1219725, 2
mp-1276468, 2
mp-1237850, 2
mp-1216506, 2
mp-1205292, 2
mp-559521, 2
mp-583072, 2
mp-728240, 2
mp-1235616, 2
mp-34421, 2
mp-1176292, 2
mp-1276097, 2
mp-860889, 2
mp-1212833, 2
mp-1175743, 2
mp-572970, 2
mp-759805, 2
mp-655547, 2
mp-31276, 2
mp-26636, 2
mp-1181352, 2
mp-27300, 2
mp-1044575, 2
mp-1217549, 2
mp-758849, 2
mp-19432, 2
mp-1705, 2
mp-541285, 2
mp-1198815, 2
mp-19220, 2
mp-1975342, 2
mp-680173, 2
mp-1275718, 2
mp-706411, 2
mp-1394001, 2
mp-1210428, 2
mp-2713323, 2
mp-1199268, 2
mp-1403705, 2
mp-542654, 2
mp-22869, 2
mp-1211233, 2
mp-26692, 2
mp-30978, 2
mp-1226048, 2
mp-777651, 2
mp-669348, 2
mp-757580, 2
mp-1042955, 2
mp-1234536, 2
mp-29164, 2
mp-758320, 2
mp-743676, 2
mp-625635, 2
mp-553924, 2
mp-1226972, 2
mp-1193650, 2
mp-674334, 2
mp-2715447, 2
mp-562490, 2
mp-752734, 2
mp-27247, 2
mp-1278198, 2
mp-774742, 2
mp-770572, 2
mp-756063, 2
mp-779264, 2
mp-31691, 2
mp-3216839, 2
mp-759077, 2
mp-571412, 2
mp-1087474, 2
mp-1020641, 2
mp-1041572, 2
mp-2712573, 2
mp-1042628, 2
mp-2224460, 2
mp-759259, 2
mp-1218794, 2
mp-1198691, 2
mp-1203462, 2
mp-22614, 2
mp-754665, 2
mp-1211897, 2
mp-554263, 2
mp-31003, 2
mp-7596, 2
mp-758644, 2
mp-770652, 2
mp-1094533, 2
mp-1239270, 2
mp-1042253, 2
mp-768198, 2
mp-778493, 2
mp-2712611, 2
mp-1173988, 2
mp-1196411, 2
mp-1223355, 2
mp-1195562, 2
mp-766207, 2
mp-1232986, 2
mp-504276, 2
mp-1216120, 2
mp-38177, 2
mp-766269, 2
mp-729795, 2
mp-997082, 2
mp-1305455, 2
mp-779742, 2
mp-698361, 2
mp-2230081, 2
mp-559766, 2
mp-1100591, 2
mp-4307, 2
mp-679669, 2
mp-23382, 2
mp-9741, 2
mp-1049246, 2
mp-707009, 2
mp-1239169, 2
mp-776551, 2
mp-850513, 2
mp-1100564, 2
mp-1274885, 2
mp-1203409, 2
mp-1080285, 2
mp-1044930, 2
mp-755789, 2
mp-2230455, 2
mp-1211484, 2
mp-2036083, 2
mp-1234942, 2
mp-1196159, 2
mp-1100675, 2
mp-774236, 2
mp-780775, 2
mp-1216109, 2
mp-558638, 2
mp-1196380, 2
mp-2713258, 2
mp-18870, 2
mp-849752, 2
mp-28810, 2
mp-28176, 2
mp-1227837, 2
mp-680761, 2
mp-1105454, 2
mp-1044002, 2
mp-1174825, 2
mp-542676, 2
mp-755507, 2
mp-1201299, 2
mp-1129406, 2
mp-1331696, 2
mp-2219125, 2
mp-1217949, 2
mp-754615, 2
mp-755310, 2
mp-1215300, 2
mp-1235810, 2
mp-1188223, 2
mp-705314, 2
mp-510511, 2
mp-753472, 2
mp-1022809, 2
mp-625832, 2
mp-29301, 2
mp-27513, 2
mp-1176421, 2
mp-728777, 2
mp-17711, 2
mp-560584, 2
mp-1223391, 2
mp-1041088, 2
mp-1220396, 2
mp-1248719, 2
mp-1403324, 2
mp-765576, 2
mp-760313, 2
mp-1219192, 2
mp-1256934, 2
mp-1188903, 2
mp-1025231, 2
mp-26789, 2
mp-574279, 2
mp-1182516, 2
mp-1202931, 2
mp-1223165, 2
mp-1194941, 2
mp-1191256, 2
mp-556235, 2
mp-1192128, 2
mp-1199727, 2
mp-1077275, 2
mp-558650, 2
mp-1196119, 2
mp-978099, 2
mp-756088, 2
mp-1196230, 2
mp-715574, 2
mp-1333835, 2
mp-1208370, 2
mp-542831, 2
mp-1044615, 2
mp-26521, 2
mp-1218252, 2
mp-642651, 2
mp-1234325, 2
mp-23690, 2
mp-1181908, 2
mp-770170, 2
mp-758442, 2
mp-655275, 2
mp-776096, 2
mp-1178165, 2
mp-1202621, 2
mp-977298, 2
mp-1246527, 2
mp-557226, 2
mp-1227526, 2
mp-1210205, 2
mp-18497, 2
mp-755481, 2
mp-1102922, 2
mp-1226891, 2
mp-2619703, 2
mp-767141, 2
mp-18341, 2
mp-1206230, 2
mp-558409, 2
mp-770719, 2
mp-23872, 2
mp-1204483, 2
mp-571258, 2
mp-2712804, 2
mp-2232996, 2
mp-1235812, 2
mp-2219015, 2
mp-1073083, 2
mp-541610, 2
mp-1201524, 2
mp-863000, 2
mp-705895, 2
mp-758544, 2
mp-1239216, 2
mp-561419, 2
mp-780883, 2
mp-1216971, 2
mp-774387, 2
mp-714944, 2
mp-1198978, 2
mp-642871, 2
mp-764052, 2
mp-1178410, 2
mp-1210320, 2
mp-1217449, 2
mp-1041001, 2
mp-1175394, 2
mp-15560, 2
mp-771027, 2
mp-1193829, 2
mp-738714, 2
mp-667387, 2
mp-777679, 2
mp-850972, 2
mp-1224909, 2
mp-1199996, 2
mp-1194984, 2
mp-1209717, 2
mp-2018187, 2
mp-1320662, 2
mp-752521, 2
mp-634431, 2
mp-1323594, 2
mp-762501, 2
mp-13283, 2
mp-757908, 2
mp-1202497, 2
mp-1179363, 2
mp-720256, 2
mp-1225057, 2
mp-2230295, 2
mp-2220837, 2
mp-1200300, 2
mp-1205426, 2
mp-1100608, 2
mp-2230478, 2
mp-780146, 2
mp-18794, 2
mp-1209505, 2
mp-6950, 2
mp-1104717, 2
mp-1205160, 2
mp-771162, 2
mp-1042662, 2
mp-1193617, 2
mp-2231171, 2
mp-568252, 2
mp-1196372, 2
mp-1173255, 2
mp-1080727, 2
mp-636773, 2
mp-582549, 2
mp-1282794, 2
mp-1219310, 2
mp-32533, 2
mp-1258846, 2
mp-1200522, 2
mp-1226935, 2
mp-1178115, 2
mp-1223138, 2
mp-849276, 2
mp-780732, 2
mp-1177596, 2
mp-1247304, 2
mp-1212547, 2
mp-1100460, 2
mp-757998, 2
mp-626561, 2
mp-21622, 2
mp-554702, 2
mp-1041071, 2
mp-1225081, 2
mp-1639812, 2
mp-1225225, 2
mp-24536, 2
mp-1174226, 2
mp-720704, 2
mp-1195359, 2
mp-1200792, 2
mp-757983, 2
mp-776782, 2
mp-770782, 2
mp-1200025, 2
mp-1079121, 2
mp-1227013, 2
mp-31489, 2
mp-1201996, 2
mp-1094589, 2
mp-1075377, 2
mp-581090, 2
mp-559203, 2
mp-1211597, 2
mp-1235275, 2
mp-773463, 2
mp-997054, 2
mp-768410, 2
mp-1013874, 2
mp-29582, 2
mp-556601, 2
mp-767688, 2
mp-780853, 2
mp-1191993, 2
mp-1102857, 2
mp-616561, 2
mp-757954, 2
mp-1408698, 2
mp-673023, 2
mp-778256, 2
mp-2240667, 2
mp-626647, 2
mp-556538, 2
mp-778207, 2
mp-1214547, 2
mp-757210, 2
mp-15178, 2
mp-1104777, 2
mp-765781, 2
mp-1195393, 2
mp-1105696, 2
mp-1213000, 2
mp-1211006, 2
mp-1247403, 2
mp-1094568, 2
mp-1047920, 2
mp-1196260, 2
mp-1210283, 2
mp-1213452, 2
mp-1104288, 2
mp-686543, 2
mp-1182424, 2
mp-1198413, 2
mp-1191430, 2
mp-14734, 2
mp-1312000, 2
mp-626173, 2
mp-1221770, 2
mp-1105578, 2
mp-570499, 2
mp-1192781, 2
mp-605808, 2
mp-2226963, 2
mp-1174043, 2
mp-850530, 2
mp-1201798, 2
mp-1194306, 2
mp-780287, 2
mp-17268, 2
mp-1197629, 2
mp-1191167, 2
mp-626994, 2
mp-27871, 2
mp-758163, 2
mp-1227481, 2
mp-1195977, 2
mp-24050, 2
mp-2228694, 2
mp-768467, 2
mp-1203511, 2
mp-1979194, 2
mp-556058, 2
mp-765721, 2
mp-1101475, 2
mp-1190689, 2
mp-1338522, 2
mp-1076363, 2
mp-1029625, 2
mp-1209071, 2
mp-1102751, 2
mp-3488, 2
mp-1356115, 2
mp-1247343, 2
mp-1003769, 2
mp-554930, 2
mp-1095546, 2
mp-558373, 2
mp-30998, 2
mp-1198472, 2
mp-1215871, 2
mp-1228695, 2
mp-1214477, 2
mp-29564, 2
mp-542219, 2
mp-571377, 2
mp-849228, 2
mp-2219339, 2
mp-997571, 2
mp-775997, 2
mp-19495, 2
mp-1182792, 2
mp-1177365, 2
mp-774591, 2
mp-1247274, 2
mp-1208518, 2
mp-771338, 2
mp-757358, 2
mp-757615, 2
mp-850192, 2
mp-1445001, 2
mp-25964, 2
mp-759145, 2
mp-1073810, 2
mp-1100594, 2
mp-759128, 2
mp-1041104, 2
mp-768293, 2
mp-762510, 2
mp-1359089, 2
mp-676645, 2
mp-554646, 2
mp-1304342, 2
mp-662605, 2
mp-1173635, 2
mp-1181100, 2
mp-31015, 2
mp-1205274, 2
mp-1046655, 2
mp-1100682, 2
mp-768288, 2
mp-1173734, 2
mp-831255, 2
mp-1245700, 2
mp-558119, 2
mp-22005, 2
mp-756517, 2
mp-765471, 2
mp-758940, 2
mp-754714, 2
mp-849320, 2
mp-2713415, 2
mp-766591, 2
mp-3439, 2
mp-9660, 2
mp-1211641, 2
mp-26347, 2
mp-1225023, 2
mp-557660, 2
mp-1096890, 2
mp-628680, 2
mp-1104630, 2
mp-1205005, 2
mp-616249, 2
mp-1371352, 2
mp-21270, 2
mp-763910, 2
mp-774607, 2
mp-12003, 2
mp-2902256, 2
mp-1226622, 2
mp-26845, 2
mp-568348, 2
mp-1176748, 2
mp-775294, 2
mp-1217397, 2
mp-756502, 2
mp-1214015, 2
mp-17448, 2
mp-995206, 2
mp-698558, 2
mp-714911, 2
mp-676573, 2
mp-780623, 2
mp-1195983, 2
mp-1233433, 2
mp-638022, 2
mp-766957, 2
mp-1176502, 2
mp-771267, 2
mp-770371, 2
mp-1367618, 2
mp-759196, 2
mp-556905, 2
mp-1218635, 2
mp-758017, 2
mp-1216416, 2
mp-1198521, 2
mp-561538, 2
mp-532822, 2
mp-1105928, 2
mp-772974, 2
mp-541059, 2
mp-862605, 2
mp-1201979, 2
mp-1201374, 2
mp-642216, 2
mp-15886, 2
mp-2241282, 2
mp-546035, 2
mp-694541, 2
mp-1226307, 2
mp-18686, 2
mp-1217348, 2
mp-772982, 2
mp-989473, 2
mp-1076080, 2
mp-1041164, 2
mp-1196330, 2
mp-1180274, 2
mp-561514, 2
mp-17539, 2
mp-758219, 2
mp-722714, 2
mp-1041203, 2
mp-1044166, 2
mp-1235554, 2
mp-754179, 2
mp-770274, 2
mp-1044729, 2
mp-29248, 2
mp-1228964, 2
mp-1264854, 2
mp-1219612, 2
mp-1196002, 2
mp-763431, 2
mp-37315, 2
mp-684912, 2
mp-758076, 2
mp-573658, 2
mp-2240210, 2
mp-753178, 2
mp-557488, 2
mp-778490, 2
mp-1194424, 2
mp-1216989, 2
mp-673401, 2
mp-754877, 2
mp-1227635, 2
mp-9462, 2
mp-1100690, 2
mp-1203345, 2
mp-756181, 2
mp-16165, 2
mp-768129, 2
mp-1208230, 2
mp-29095, 2
mp-21705, 2
mp-1190217, 2
mp-2715448, 2
mp-556109, 2
mp-1374245, 2
mp-2218518, 2
mp-1134064, 2
mp-559127, 2
mp-2234320, 2
mp-1177329, 2
mp-1218068, 2
mp-1247171, 3
mp-756941, 3
mp-23517, 3
mp-1097457, 3
mp-1209299, 3
mp-1046059, 3
mp-1019724, 3
mp-1041743, 3
mp-1102110, 3
mp-1219111, 3
mp-1096200, 3
mp-1077023, 3
mp-1103187, 3
mp-1234464, 3
mp-1239213, 3
mp-1200095, 3
mp-12383, 3
mp-540584, 3
mp-34864, 3
mp-1102042, 3
mp-1093560, 3
mp-674219, 3
mp-1199006, 3
mp-1219980, 3
mp-560208, 3
mp-1021352, 3
mp-1028004, 3
mp-1235155, 3
mp-1028176, 3
mp-1105160, 3
mp-1246207, 3
mp-2759501, 3
mp-1178269, 3
mp-757997, 3
mp-1068462, 3
mp-1204879, 3
mp-998759, 3
mp-1203331, 3
mp-21223, 3
mp-1181041, 3
mp-705059, 3
mp-616559, 3
mp-758871, 3
mp-1198091, 3
mp-995221, 3
mp-1017493, 3
mp-29515, 3
mp-1224292, 3
mp-1238843, 3
mp-1210458, 3
mp-1205714, 3
mp-1228129, 3
mp-569186, 3
mp-567918, 3
mp-766126, 3
mp-728378, 3
mp-776554, 3
mp-558258, 3
mp-754816, 3
mp-1245804, 3
mp-1094097, 3
mp-1217854, 3
mp-1246598, 3
mp-555394, 3
mp-1190952, 3
mp-1035197, 3
mp-1094059, 3
mp-3143, 3
mp-554805, 3
mp-1227549, 3
mp-22039, 3
mp-1222375, 3
mp-768966, 3
mp-1206633, 3
mp-1027992, 3
mp-779012, 3
mp-1021292, 3
mp-1246837, 3
mp-22529, 3
mp-3354, 3
mp-765022, 3
mp-561446, 3
mp-1220553, 3
mp-779165, 3
mp-1220758, 3
mp-1211075, 3
mp-1247419, 3
mp-1521139, 3
mp-1097501, 3
mp-36765, 3
mp-540079, 3
mp-1199088, 3
mp-1244512, 3
mp-583, 3
mp-1232188, 3
mp-1215154, 3
mp-1220906, 3
mp-1206558, 3
mp-1035743, 3
mp-1021410, 3
mp-1016231, 3
mp-1178558, 3
mp-1040954, 3
mp-1221011, 3
mp-1211692, 3
mp-505284, 3
mp-1225729, 3
mp-1104167, 3
mp-1220240, 3
mp-556017, 3
mp-1245369, 3
mp-1191149, 3
mp-1106369, 3
mp-1021972, 3
mp-1195761, 3
mp-1066480, 3
mp-1043566, 3
mp-1212044, 3
mp-1093967, 3
mp-14761, 3
mp-556106, 3
mp-568208, 3
mp-1190670, 3
mp-1222955, 3
mp-1001614, 3
mp-998428, 3
mp-1216593, 3
mp-29636, 3
mp-568966, 3
mp-1223616, 3
mp-31152, 3
mp-863033, 3
mp-727594, 3
mp-729158, 3
mp-1029422, 3
mp-1080609, 3
mp-642654, 3
mp-1034246, 3
mp-1093558, 3
mp-1016235, 3
mp-778671, 3
mp-1228470, 3
mp-1096607, 3
mp-778973, 3
mp-1094715, 3
mp-7085, 3
mp-18005, 3
mp-756816, 3
mp-706632, 3
mp-561268, 3
mp-569989, 3
mp-1096481, 3
mp-626620, 3
mp-1019548, 3
mp-849788, 3
mp-1196906, 3
mp-754873, 3
mp-1180363, 3
mp-1214647, 3
mp-1213562, 3
mp-755924, 3
mp-1188989, 3
mp-17918, 3
mp-1196496, 3
mp-1203640, 3
mp-559594, 3
mp-640597, 3
mp-1518567, 3
mp-4009, 3
mp-1102394, 3
mp-33112, 3
mp-753442, 3
mp-1016569, 3
mp-559994, 3
mp-1219806, 3
mp-1102603, 3
mp-1395840, 3
mp-756798, 3
mp-1209086, 3
mp-1093597, 3
mp-1096608, 3
mp-1239018, 3
mp-1185571, 3
mp-1202976, 3
mp-760147, 3
mp-729568, 3
mp-1194626, 3
mp-1097578, 3
mp-1202170, 3
mp-1068813, 3
mp-1095574, 3
mp-1214161, 3
mp-1097051, 3
mp-1104212, 3
mp-11214, 3
mp-1225541, 3
mp-1094660, 3
mp-866873, 3
mp-1017342, 3
mp-757549, 3
mp-1214491, 3
mp-1211418, 3
mp-1035037, 3
mp-649033, 3
mp-1079859, 3
mp-1213325, 3
mp-1194100, 3
mp-1217064, 3
mp-1232071, 3
mp-1211734, 3
mp-1101481, 3
mp-637256, 3
mp-768682, 3
mp-556384, 3
mp-19111, 3
mp-2227677, 3
mp-34263, 3
mp-570112, 3
mp-2767545, 3
mp-559910, 3
mp-1247502, 3
mp-1064227, 3
mp-1101470, 3
mp-1518244, 3
mp-20395, 3
mp-1097763, 3
mp-1247569, 3
mp-1205583, 3
mp-1103391, 3
mp-20063, 3
mp-4655, 3
mp-19714, 3
mp-1217211, 3
mp-1238881, 3
mp-1245634, 3
mp-1518023, 3
mp-2212275, 3
mp-18287, 3
mp-1026796, 3
mp-768988, 3
mp-753702, 3
mp-1212762, 3
mp-1345518, 3
mp-510592, 3
mp-19941, 3
mp-1205870, 3
mp-672228, 3
mp-5874, 3
mp-1194572, 3
mp-1042711, 3
mp-1197215, 3
mp-1101773, 3
mp-505805, 3
mp-683899, 3
mp-2218648, 3
mp-767403, 3
mp-1218467, 3
mp-1247180, 3
mp-703836, 3
mp-1182223, 3
mp-777588, 3
mp-567855, 3
mp-756311, 3
mp-1076055, 3
mp-1222975, 3
mp-755165, 3
mp-2240714, 3
mp-1097537, 3
mp-1096217, 3
mp-1201495, 3
mp-1220340, 3
mp-777664, 3
mp-707929, 3
mp-1203647, 3
mp-1335777, 3
mp-734039, 3
mp-559757, 3
mp-583454, 3
mp-559005, 3
mp-1193147, 3
mp-1204470, 3
mp-1043075, 3
mp-1040876, 3
mp-1188534, 3
mp-1025084, 3
mp-443, 3
mp-23768, 3
mp-1209376, 3
mp-2349989, 3
mp-1191192, 3
mp-1209897, 3
mp-1101214, 3
mp-14985, 3
mp-27175, 3
mp-1078644, 3
mp-1100362, 3
mp-621930, 3
mp-1097499, 3
mp-1221719, 3
mp-1071078, 3
mp-1096220, 3
mp-1043759, 3
mp-22013, 3
mp-17283, 3
mp-1041480, 3
mp-1208626, 3
mp-753303, 3
mp-1217607, 3
mp-1200345, 3
mp-2273, 3
mp-1216636, 3
mp-722790, 3
mp-16280, 3
mp-781595, 3
mp-1040127, 3
mp-1199395, 3
mp-1036619, 3
mp-1199364, 3
mp-756344, 3
mp-1027953, 3
mp-1026852, 3
mp-705416, 3
mp-1518216, 3
mp-16529, 3
mp-559662, 3
mp-505467, 3
mp-1247355, 3
mp-653763, 3
mp-1173570, 3
mp-23002, 3
mp-1204705, 3
mp-1198974, 3
mp-1200228, 3
mp-1035402, 3
mp-4034, 3
mp-1044287, 3
mp-1188944, 3
mp-1197972, 3
mp-1221342, 3
mp-29956, 3
mp-1047397, 3
mp-849748, 3
mp-1217230, 3
mp-756487, 3
mp-1308239, 3
mp-31153, 3
mp-780612, 3
mp-1096565, 3
mp-557844, 3
mp-1208602, 3
mp-1221057, 3
mp-28364, 3
mp-1022547, 3
mp-1210932, 3
mp-1247408, 3
mp-1213540, 3
mp-767927, 3
mp-1097341, 3
mp-672287, 3
mp-29693, 3
mp-1196674, 3
mp-774462, 3
mp-1097098, 3
mp-1340366, 3
mp-3179, 3
mp-1245408, 3
mp-554856, 3
mp-1080213, 3
mp-1040175, 3
mp-1197784, 3
mp-1246557, 3
mp-10448, 3
mp-36884, 3
mp-23416, 3
mp-1245892, 3
mp-1229121, 3
mp-850400, 3
mp-606777, 3
mp-760107, 3
mp-1207782, 3
mp-561006, 3
mp-758600, 3
mp-1099764, 3
mp-556334, 3
mp-1185940, 3
mp-669684, 3
mp-627993, 3
mp-1371279, 3
mp-1096354, 3
mp-690727, 3
mp-1192979, 3
mp-1093955, 3
mp-1227673, 3
mp-1026876, 3
mp-1028039, 3
mp-30598, 3
mp-4657, 3
mp-1080069, 3
mp-1199278, 3
mp-1176619, 3
mp-624218, 3
mp-5251, 3
mp-28281, 3
mp-1224721, 3
mp-643060, 3
mp-1228974, 3
mp-1516468, 3
mp-1096212, 3
mp-1191160, 3
mp-1042759, 3
mp-1247232, 3
mp-1097548, 3
mp-641924, 3
mp-1216167, 3
mp-12955, 3
mp-1201306, 3
mp-22599, 3
mp-779704, 3
mp-729933, 3
mp-1218220, 3
mp-770555, 3
mp-1238812, 3
mp-1028058, 3
mp-1228336, 3
mp-1247899, 3
mp-1080545, 3
mp-1220084, 3
mp-1191935, 3
mp-1199194, 3
mp-1209448, 3
mp-1193479, 3
mp-1096674, 3
mp-1195263, 3
mp-1196000, 3
mp-1246650, 3
mp-6834, 3
mp-1079337, 3
mp-1198174, 3
mp-560829, 3
mp-1225897, 3
mp-1246854, 3
mp-1022148, 3
mp-1239228, 3
mp-1097124, 3
mp-1097434, 3
mp-714, 3
mp-1198291, 3
mp-1095813, 3
mp-763007, 3
mp-1214063, 3
mp-1213778, 3
mp-866315, 3
mp-1214855, 3
mp-1079156, 3
mp-1077479, 3
mp-1210607, 3
mp-1193796, 3
mp-1220227, 3
mp-1192811, 3
mp-862840, 3
mp-1080762, 3
mp-1098090, 3
mp-754884, 3
mp-1178889, 3
mp-1094416, 3
mp-1095868, 3
mp-1201403, 3
mp-650510, 3
mp-1190673, 3
mp-1103421, 3
mp-1209937, 3
mp-620029, 3
mp-1193711, 3
mp-1103440, 3
mp-1197252, 3
mp-1193749, 3
mp-23361, 3
mp-1200432, 3
mp-571553, 3
mp-1219932, 3
mp-758889, 3
mp-27861, 3
mp-776550, 3
mp-24662, 3
mp-570252, 3
mp-703682, 3
mp-752930, 3
mp-1105069, 3
mp-7083, 3
mp-542486, 3
mp-760202, 3
mp-818385, 3
mp-1096086, 3
mp-1093735, 3
mp-1096108, 3
mp-1180445, 3
mp-1216244, 3
mp-1192180, 3
mp-1213032, 3
mp-759575, 3
mp-755950, 3
mp-1208603, 3
mp-557634, 3
mp-1042447, 3
mp-1036470, 3
mp-1028410, 3
mp-1279232, 3
mp-761324, 3
mp-646599, 3
mp-1227909, 3
mp-22474, 3
mp-1329064, 3
mp-2227439, 3
mp-23454, 3
mp-542233, 3
mp-754194, 3
mp-779712, 3
mp-556713, 3
mp-760911, 3
mp-1217701, 3
mp-768414, 3
mp-771121, 3
mp-1178792, 3
mp-1209143, 3
mp-35899, 3
mp-22171, 3
mp-1076431, 3
mp-1185916, 3
mp-1238070, 3
mp-1182674, 3
mp-1074714, 3
mp-19924, 3
mp-3421, 3
mp-769290, 3
mp-1205304, 3
mp-555399, 3
mp-1228286, 3
mp-559963, 3
mp-27639, 3
mp-1097101, 3
mp-773325, 3
mp-1209527, 3
mp-1181683, 3
mp-1097099, 3
mp-1224613, 3
mp-780265, 3
mp-1219986, 3
mp-638051, 3
mp-1203119, 3
mp-1213320, 3
mp-1516483, 3
mp-1220652, 3
mp-1041153, 3
mp-818615, 3
mp-1222838, 3
mp-758103, 3
mp-1096042, 3
mp-623092, 3
mp-1206008, 3
mp-1034771, 3
mp-1096395, 3
mp-1246296, 3
mp-1195588, 3
mp-864941, 3
mp-30096, 3
mp-1040783, 3
mp-1224897, 3
mp-559238, 3
mp-1522331, 3
mp-768197, 3
mp-1102755, 3
mp-1208247, 3
mp-1198765, 3
mp-2147, 3
mp-1023301, 3
mp-1207348, 3
mp-1022983, 3
mp-1178256, 3
mp-779354, 3
mp-1239087, 3
mp-1097094, 3
mp-1195803, 3
mp-11040, 3
mp-1096645, 3
mp-1224979, 3
mp-1102687, 3
mp-1201361, 3
mp-1228560, 3
mp-1044095, 3
mp-38222, 3
mp-1004376, 3
mp-1524805, 3
mp-1095982, 3
mp-1213674, 3
mp-1196526, 3
mp-632711, 3
mp-1217596, 3
mp-1017189, 3
mp-504678, 3
mp-2576, 3
mp-1078797, 3
mp-5053, 3
mp-758823, 3
mp-1224817, 3
mp-1198025, 3
mp-31182, 3
mp-13327, 3
mp-1220467, 3
mp-1043964, 3
mp-1102097, 3
mp-1095781, 3
mp-1196996, 3
mp-20170, 3
mp-1235222, 3
mp-756068, 3
mp-1228235, 3
mp-1094015, 3
mp-540828, 3
mp-850866, 3
mp-541629, 3
mp-1097292, 3
mp-1093875, 3
mp-1189512, 3
mp-1023293, 3
mp-1223428, 3
mp-779650, 3
mp-1245777, 3
mp-775175, 3
mp-11243, 3
mp-1046715, 3
mp-685008, 3
mp-1279432, 3
mp-1104015, 3
mp-975064, 3
mp-752798, 3
mp-1022960, 3
mp-1095898, 3
mp-1219136, 3
mp-2212268, 3
mp-1096517, 3
mp-1214160, 3
mp-1027840, 3
mp-28754, 3
mp-1017497, 3
mp-1184780, 3
mp-1097625, 3
mp-1048554, 3
mp-1105849, 3
mp-752762, 3
mp-654199, 3
mp-27199, 3
mp-17833, 3
mp-555071, 3
mp-1078093, 3
mp-1204742, 3
mp-1042409, 3
mp-20007, 3
mp-1219955, 3
mp-1044092, 3
mp-1209984, 3
mp-1218596, 3
mp-1093877, 3
mp-1188712, 3
mp-1211572, 3
mp-770581, 3
mp-3523, 3
mp-1245379, 3
mp-1094573, 3
mp-1198070, 3
mp-706489, 3
mp-849263, 3
mp-22131, 3
mp-1106061, 3
mp-557807, 3
mp-1214012, 3
mp-560998, 3
mp-1246142, 3
mp-8249, 3
mp-15147, 3
mp-1042110, 3
mp-1205500, 3
mp-1349418, 3
mp-1176511, 3
mp-1080141, 3
mp-1097415, 3
mp-1365, 3
mp-1211260, 3
mp-2227567, 3
mp-1247077, 3
mp-1186304, 3
mp-676861, 3
mp-1209127, 3
mp-1093629, 3
mp-1103046, 3
mp-1040085, 3
mp-30900, 3
mp-1213746, 3
mp-650695, 3
mp-1211343, 3
mp-1215049, 3
mp-1208255, 3
mp-1041036, 3
mp-233, 3
mp-6057, 3
mp-1189318, 3
mp-26401, 3
mp-1245590, 3
mp-1224073, 3
mp-2228676, 3
mp-14336, 3
mp-2466847, 3
mp-1104130, 3
mp-1196025, 3
mp-1180026, 3
mp-1044725, 3
mp-27844, 3
mp-753511, 3
mp-1215408, 3
mp-1027902, 3
mp-1026645, 3
mp-543051, 3
mp-1018065, 3
mp-172, 3
mp-849312, 3
mp-1210098, 3
mp-559618, 3
mp-1200538, 3
mp-1212635, 3
mp-1047315, 3
mp-1218110, 3
mp-510569, 3
mp-1093986, 3
mp-1341, 3
mp-571079, 3
mp-28787, 3
mp-17220, 3
mp-14498, 3
mp-1211733, 3
mp-774947, 3
mp-1223389, 3
mp-1202031, 3
mp-1218032, 3
mp-1210648, 3
mp-1228417, 3
mp-780913, 3
mp-1016266, 3
mp-1179638, 3
mp-1147773, 3
mp-1233942, 3
mp-1049283, 3
mp-1225131, 3
mp-1216603, 3
mp-771957, 3
mp-1106334, 3
mp-1047649, 3
mp-770894, 3
mp-1080848, 3
mp-1204050, 3
mp-1026713, 3
mp-669425, 3
mp-1023291, 3
mp-1033886, 3
mp-4891, 3
mp-1222111, 3
mp-2230007, 3
mp-1022082, 3
mp-554948, 3
mp-30750, 3
mp-1095628, 3
mp-8422, 3
mp-1216911, 3
mp-1093850, 3
mp-1199834, 3
mp-1185945, 3
mp-2223079, 3
mp-1187172, 3
mp-760935, 3
mp-540583, 3
mp-1211536, 3
mp-2240835, 3
mp-1022110, 3
mp-1188392, 3
mp-557754, 3
mp-1093974, 3
mp-26998, 3
mp-863427, 3
mp-1229205, 3
mp-1096346, 3
mp-1205862, 3
mp-1207531, 3
mp-769153, 3
mp-755363, 3
mp-1246133, 3
mp-1080297, 3
mp-18001, 3
mp-1205368, 3
mp-1225965, 3
mp-1214119, 3
mp-20976, 3
mp-1077183, 3
mp-1221925, 3
mp-1202229, 3
mp-1181198, 3
mp-22729, 3
mp-759590, 3
mp-1097169, 3
mp-1021656, 3
mp-1097232, 3
mp-1211532, 3
mp-19185, 3
mp-1097530, 3
mp-1200185, 3
mp-777567, 3
mp-1079607, 3
mp-1233576, 3
mp-1200284, 3
mp-1178507, 3
mp-28556, 3
mp-29318, 3
mp-3582, 3
mp-1095842, 3
mp-1211747, 3
mp-769871, 3
mp-9225, 3
mp-541570, 3
mp-1195657, 3
mp-777352, 3
mp-1028130, 3
mp-1180345, 3
mp-1197203, 3
mp-1208801, 3
mp-1182812, 3
mp-1214978, 3
mp-976139, 3
mp-1237159, 3
mp-1246666, 3
mp-1225223, 3
mp-1210899, 3
mp-1101571, 3
mp-1022052, 3
mp-1198755, 3
mp-8911, 3
mp-7892, 3
mp-28629, 3
mp-1192150, 3
mp-7068, 3
mp-1042921, 3
mp-1227911, 3
mp-755391, 3
mp-1228486, 3
mp-1097463, 3
mp-777931, 3
mp-1217436, 3
mp-1097642, 3
mp-1022640, 3
mp-684668, 3
mp-1093575, 3
mp-1095425, 3
mp-1047786, 3
mp-2232126, 3
mp-616141, 3
mp-1210805, 3
mp-1199473, 3
mp-1239133, 3
mp-740722, 3
mp-28601, 3
mp-1077595, 3
mp-1205407, 3
mp-1177172, 3
mp-1093682, 3
mp-504466, 3
mp-765394, 3
mp-1097490, 3
mp-1034123, 3
mp-18632, 3
mp-1026843, 3
mp-1220907, 3
mp-626791, 3
mp-1093671, 3
mp-1212634, 3
mp-1029408, 3
mp-695948, 3
mp-1195505, 3
mp-1200704, 3
mp-570619, 3
mp-1197289, 3
mp-11412, 3
mp-557387, 3
mp-1093647, 3
mp-1518112, 3
mp-1025560, 3
mp-1219439, 3
mp-1044368, 3
mp-1022620, 3
mp-2224869, 3
mp-569173, 3
mp-16493, 3
mp-1253019, 3
mp-2232516, 3
mp-997031, 3
mp-540591, 3
mp-706301, 3
mp-673846, 3
mp-1225077, 3
mp-2220557, 3
mp-1205450, 3
mp-20163, 3
mp-1208629, 3
mp-1097139, 3
mp-775429, 3
mp-1016106, 3
mp-1195373, 3
mp-1517492, 3
mp-1097459, 3
mp-863362, 3
mp-1176646, 3
mp-1186868, 3
mp-1217093, 3
mp-1096027, 3
mp-11844, 3
mp-756303, 3
mp-6607, 3
mp-21681, 3
mp-760411, 3
mp-1016655, 3
mp-19480, 3
mp-1195211, 3
mp-1209034, 3
mp-31278, 3
mp-974455, 3
mp-22829, 3
mp-1208802, 3
mp-555784, 3
mp-1182466, 3
mp-773517, 3
mp-1198625, 3
mp-707532, 3
mp-1097832, 3
mp-1202350, 3
mp-1246447, 3
mp-556974, 3
mp-1226299, 3
mp-1027887, 3
mp-542903, 3
mp-1189377, 3
mp-1095752, 3
mp-1096271, 3
mp-21826, 3
mp-2228476, 3
mp-1246769, 3
mp-1208229, 3
mp-510547, 3
mp-30408, 3
mp-1179200, 3
mp-1208826, 3
mp-558477, 3
mp-1035835, 3
mp-850978, 3
mp-669688, 3
mp-22434, 3
mp-1201728, 3
mp-1033946, 3
mp-1191708, 3
mp-21623, 3
mp-1209616, 3
mp-1249417, 3
mp-1536202, 3
mp-1245889, 3
mp-1190490, 3
mp-766348, 3
mp-1018719, 3
mp-555559, 3
mp-1207140, 3
mp-1208028, 3
mp-1214285, 3
mp-1079916, 3
mp-1213808, 3
mp-1235082, 3
mp-1106177, 3
mp-1223049, 3
mp-1223829, 3
mp-1096629, 3
mp-569967, 3
mp-1216947, 3
mp-1182405, 3
mp-1029843, 3
mp-1027961, 3
mp-1247415, 3
mp-640080, 3
mp-561469, 3
mp-1376556, 3
mp-757667, 3
mp-1228929, 3
mp-1096707, 3
mp-1189200, 3
mp-12454, 3
mp-1225626, 3
mp-542627, 3
mp-1172875, 3
mp-1204485, 3
mp-1199306, 4
mp-976809, 4
mp-2221664, 4
mp-777650, 4
mp-1033429, 4
mp-5022, 4
mp-1226778, 4
mp-1222800, 4
mp-1079812, 4
mp-1209084, 4
mp-2831205, 4
mp-1036209, 4
mp-1184760, 4
mp-761608, 4
mp-1220875, 4
mp-22150, 4
mp-2232102, 4
mp-1207047, 4
mp-1224352, 4
mp-1178762, 4
mp-10453, 4
mp-1235367, 4
mp-1186180, 4
mp-1025253, 4
mp-1246711, 4
mp-1518841, 4
mp-30313, 4
mp-984107, 4
mp-3515, 4
mp-1181427, 4
mp-1032744, 4
mp-756415, 4
mp-760382, 4
mp-1203606, 4
mp-6227, 4
mp-1203614, 4
mp-1036983, 4
mp-1190820, 4
mp-505332, 4
mp-19295, 4
mp-1246483, 4
mp-1103001, 4
mp-12581, 4
mp-755805, 4
mp-1080131, 4
mp-1219730, 4
mp-21082, 4
mp-1223309, 4
mp-1223907, 4
mp-19023, 4
mp-8528, 4
mp-1018940, 4
mp-1218900, 4
mp-22010, 4
mp-504617, 4
mp-1212245, 4
mp-1077875, 4
mp-1209209, 4
mp-983228, 4
mp-755347, 4
mp-1039670, 4
mp-1221768, 4
mp-1222371, 4
mp-1184405, 4
mp-559872, 4
mp-1245963, 4
mp-1036757, 4
mp-1395354, 4
mp-1218752, 4
mp-1076510, 4
mp-5105, 4
mp-1211283, 4
mp-1186735, 4
mp-759592, 4
mp-1173369, 4
mp-570173, 4
mp-1069520, 4
mp-23101, 4
mp-723897, 4
mp-1038676, 4
mp-1031971, 4
mp-20867, 4
mp-541522, 4
mp-1019108, 4
mp-1021393, 4
mp-1227628, 4
mp-1040359, 4
mp-2232457, 4
mp-549869, 4
mp-1003635, 4
mp-20227, 4
mp-1036298, 4
mp-978986, 4
mp-546794, 4
mp-1097889, 4
mp-1071675, 4
mp-29577, 4
mp-1043698, 4
mp-1079840, 4
mp-1218460, 4
mp-1206349, 4
mp-1207743, 4
mp-1025212, 4
mp-698210, 4
mp-1033406, 4
mp-20092, 4
mp-1227562, 4
mp-1412163, 4
mp-7600, 4
mp-1038036, 4
mp-1195106, 4
mp-15293, 4
mp-1032130, 4
mp-9846, 4
mp-979274, 4
mp-1033497, 4
mp-10480, 4
mp-1207244, 4
mp-504701, 4
mp-975144, 4
mp-1208897, 4
mp-1518420, 4
mp-4495, 4
mp-1206529, 4
mp-1225260, 4
mp-1226344, 4
mp-1189897, 4
mp-1079320, 4
mp-1031857, 4
mp-1025335, 4
mp-1207107, 4
mp-1039945, 4
mp-1038224, 4
mp-1211605, 4
mp-1247005, 4
mp-1211567, 4
mp-1080757, 4
mp-1215257, 4
mp-1207334, 4
mp-1032809, 4
mp-1031281, 4
mp-559885, 4
mp-1096995, 4
mp-1189716, 4
mp-4689, 4
mp-1036398, 4
mp-567317, 4
mp-1213771, 4
mp-35539, 4
mp-541460, 4
mp-1197997, 4
mp-5983, 4
mp-1224072, 4
mp-1222021, 4
mp-1218751, 4
mp-1186919, 4
mp-1206600, 4
mp-30720, 4
mp-1098550, 4
mp-1223570, 4
mp-625950, 4
mp-19926, 4
mp-1010136, 4
mp-984726, 4
mp-1207640, 4
mp-5351, 4
mp-4725, 4
mp-755596, 4
mp-555211, 4
mp-13986, 4
mp-1031456, 4
mp-643439, 4
mp-1202708, 4
mp-1183175, 4
mp-1181996, 4
mp-1228025, 4
mp-1184498, 4
mp-1196183, 4
mp-1040196, 4
mp-1104000, 4
mp-21810, 4
mp-684712, 4
mp-12623, 4
mp-850026, 4
mp-1235526, 4
mp-1210594, 4
mp-557950, 4
mp-55, 4
mp-2239834, 4
mp-1271755, 4
mp-1039724, 4
mp-7720, 4
mp-936760, 4
mp-2227285, 4
mp-1045356, 4
mp-2218122, 4
mp-23939, 4
mp-15624, 4
mp-1184538, 4
mp-5486, 4
mp-758053, 4
mp-980204, 4
mp-604254, 4
mp-1224790, 4
mp-2230111, 4
mp-1087542, 4
mp-1091368, 4
mp-972658, 4
mp-20933, 4
mp-1037362, 4
mp-1228265, 4
mp-1218184, 4
mp-1520554, 4
mp-1187554, 4
mp-1209713, 4
mp-1188325, 4
mp-1039958, 4
mp-774837, 4
mp-568357, 4
mp-1219184, 4
mp-5135, 4
mp-23143, 4
mp-2222855, 4
mp-568182, 4
mp-1228023, 4
mp-1038310, 4
mp-16565, 4
mp-1209615, 4
mp-1203789, 4
mp-38695, 4
mp-559065, 4
mp-570058, 4
mp-541849, 4
mp-1406794, 4
mp-758876, 4
mp-2228735, 4
mp-1099237, 4
mp-1033847, 4
mp-2217420, 4
mp-1077443, 4
mp-1037306, 4
mp-1184904, 4
mp-1105309, 4
mp-1210524, 4
mp-1104639, 4
mp-1219943, 4
mp-1226058, 4
mp-34932, 4
mp-23493, 4
mp-554688, 4
mp-1033006, 4
mp-1222015, 4
mp-1207260, 4
mp-672294, 4
mp-1226770, 4
mp-21350, 4
mp-606377, 4
mp-1178967, 4
mp-557607, 4
mp-1200769, 4
mp-976075, 4
mp-1031089, 4
mp-1196663, 4
mp-556927, 4
mp-672241, 4
mp-1173069, 4
mp-1223117, 4
mp-12765, 4
mp-1184414, 4
mp-1182518, 4
mp-1037723, 4
mp-672187, 4
mp-780777, 4
mp-13911, 4
mp-1232119, 4
mp-3159, 4
mp-569859, 4
mp-1212030, 4
mp-1034549, 4
mp-721415, 4
mp-1205496, 4
mp-1103507, 4
mp-7061, 4
mp-20320, 4
mp-1096838, 4
mp-568953, 4
mp-1025039, 4
mp-1042111, 4
mp-1079418, 4
mp-1031988, 4
mp-569298, 4
mp-546707, 4
mp-1018666, 4
mp-1206162, 4
mp-1037840, 4
mp-1186393, 4
mp-21116, 4
mp-1201161, 4
mp-1183257, 4
mp-1214760, 4
mp-1200676, 4
mp-1216735, 4
mp-1219797, 4
mp-21140, 4
mp-20091, 4
mp-1062989, 4
mp-1073705, 4
mp-982018, 4
mp-865129, 4
mp-1038037, 4
mp-606604, 4
mp-19763, 4
mp-734188, 4
mp-971941, 4
mp-1038544, 4
mp-1225576, 4
mp-1079560, 4
mp-1038708, 4
mp-571164, 4
mp-1039634, 4
mp-541913, 4
mp-1207943, 4
mp-4433, 4
mp-1210105, 4
mp-1215624, 4
mp-1196369, 4
mp-2221948, 4
mp-1225065, 4
mp-1207043, 4
mp-1101329, 4
mp-1080386, 4
mp-1221629, 4
mp-1518737, 4
mp-23023, 4
mp-541103, 4
mp-2105, 4
mp-1521374, 4
mp-1274989, 4
mp-675564, 4
mp-1038042, 4
mp-1186816, 4
mp-1037344, 4
mp-13897, 4
mp-643010, 4
mp-7471, 4
mp-38995, 4
mp-1034018, 4
mp-1190219, 4
mp-12737, 4
mp-1188482, 4
mp-861607, 4
mp-1216585, 4
mp-1202645, 4
mp-1102172, 4
mp-15702, 4
mp-38505, 4
mp-707105, 4
mp-1025283, 4
mp-1040361, 4
mp-541040, 4
mp-1018817, 4
mp-532680, 4
mp-5683, 4
mp-1220703, 4
mp-28786, 4
mp-1227641, 4
mp-3216725, 4
mp-553993, 4
mp-37829, 4
mp-1212955, 4
mp-1197847, 4
mp-1034304, 4
mp-1232325, 4
mp-510494, 4
mp-5295, 4
mp-1223451, 4
mp-1238796, 4
mp-20326, 4
mp-1190669, 4
mp-1201064, 4
mp-1007664, 4
mp-2226766, 4
mp-1186537, 4
mp-1213534, 4
mp-1040270, 4
mp-1147750, 4
mp-552802, 4
mp-1080179, 4
mp-978798, 4
mp-1207310, 4
mp-4614, 4
mp-505310, 4
mp-1407214, 4
mp-1198585, 4
mp-1245334, 4
mp-1029565, 4
mp-1228411, 4
mp-1205544, 4
mp-1185150, 4
mp-1038490, 4
mp-4439, 4
mp-1208846, 4
mp-1227034, 4
mp-1103514, 4
mp-569548, 4
mp-1037934, 4
mp-1213703, 4
mp-1223888, 4
mp-1032112, 4
mp-1206632, 4
mp-1187324, 4
mp-1209938, 4
mp-776409, 4
mp-827, 4
mp-2240276, 4
mp-1232333, 4
mp-1036452, 4
mp-1218692, 4
mp-756784, 4
mp-429, 4
mp-3252, 4
mp-12776, 4
mp-1189752, 4
mp-1078649, 4
mp-1080568, 4
mp-1080646, 4
mp-16531, 4
mp-1030814, 4
mp-1188848, 4
mp-1214866, 4
mp-1038204, 4
mp-1018824, 4
mp-14866, 4
mp-1080828, 4
mp-1079576, 4
mp-1187941, 4
mp-505527, 4
mp-1197734, 4
mp-18127, 4
mp-849757, 4
mp-32800, 4
mp-1209281, 4
mp-1076970, 4
mp-1181275, 4
mp-1215411, 4
mp-1048444, 4
mp-1224363, 4
mp-1031470, 4
mp-17392, 4
mp-1227838, 4
mp-1809443, 4
mp-20639, 4
mp-705516, 4
mp-1198027, 4
mp-1208841, 4
mp-1196608, 4
mp-975106, 4
mp-802523, 4
mp-28453, 4
mp-1215580, 4
mp-1198195, 4
mp-1001605, 4
mp-569657, 4
mp-776255, 4
mp-1037676, 4
mp-12060, 4
mp-1217326, 4
mp-22349, 4
mp-1214232, 4
mp-1208418, 4
mp-573563, 4
mp-1042194, 4
mp-1096819, 4
mp-1225447, 4
mp-983365, 4
mp-1517238, 4
mp-1079822, 4
mp-1440576, 4
mp-1095016, 4
mp-567780, 4
mp-1037502, 4
mp-1219710, 4
mp-1036835, 4
mp-1891, 4
mp-644494, 4
mp-1206379, 4
mp-2232123, 4
mp-1517398, 4
mp-1036693, 4
mp-1211139, 4
mp-1216075, 4
mp-31496, 4
mp-1202157, 4
mp-1389170, 4
mp-1087511, 4
mp-866849, 4
mp-559484, 4
mp-1002063, 4
mp-1038625, 4
mp-39699, 4
mp-1195654, 4
mp-1222307, 4
mp-1521286, 4
mp-10128, 4
mp-1203722, 4
mp-1197098, 4
mp-1030828, 4
mp-1206513, 4
mp-1210742, 4
mp-567999, 4
mp-1037731, 4
mp-27350, 4
mp-1217387, 4
mp-758688, 4
mp-615833, 4
mp-1232239, 4
mp-1206502, 4
mp-1207826, 4
mp-1219965, 4
mp-2226887, 4
mp-1226711, 4
mp-1208519, 4
mp-1228339, 4
mp-1048032, 4
mp-1186535, 4
mp-1032012, 4
mp-1025337, 4
mp-530141, 4
mp-1037533, 4
mp-1209316, 4
mp-1228841, 4
mp-1232326, 4
mp-4911, 4
mp-1184013, 4
mp-1177857, 4
mp-1078315, 4
mp-1204317, 4
mp-1147752, 4
mp-1188960, 4
mp-510487, 4
mp-16456, 4
mp-1189575, 4
mp-1216850, 4
mp-1202390, 4
mp-978552, 4
mp-1025365, 4
mp-6961, 4
mp-1217690, 4
mp-1079701, 4
mp-1223176, 4
mp-29292, 4
mp-7374, 4
mp-1032403, 4
mp-2232401, 4
mp-554245, 4
mp-1041381, 4
mp-1206707, 4
mp-1210739, 4
mp-1221082, 4
mp-1225915, 4
mp-1226820, 4
mp-23235, 4
mp-1080661, 4
mp-1211348, 4
mp-1047806, 4
mp-1215344, 4
mp-1104283, 4
mp-22758, 4
mp-5796, 4
mp-1184632, 4
mp-2647039, 4
mp-1205865, 4
mp-998568, 4
mp-1042222, 4
mp-1031827, 4
mp-1032044, 4
mp-1105025, 4
mp-1236076, 4
mp-14786, 4
mp-1032293, 4
mp-1228962, 4
mp-15053, 4
mp-676036, 4
mp-647243, 4
mp-1183700, 4
mp-636264, 4
mp-1105764, 4
mp-567900, 4
mp-1040052, 4
mp-1191312, 4
mp-1220876, 4
mp-1192544, 4
mp-1210975, 4
mp-1034729, 4
mp-19819, 4
mp-1206275, 4
mp-723002, 4
mp-1020587, 4
mp-1413546, 4
mp-1196181, 4
mp-1080859, 4
mp-1043702, 4
mp-35663, 4
mp-1100766, 4
mp-1183096, 4
mp-2536, 4
mp-971950, 4
mp-1220095, 4
mp-974869, 4
mp-559299, 4
mp-556400, 4
mp-1214585, 4
mp-1223799, 4
mp-1226066, 4
mp-1974638, 4
mp-1033632, 4
mp-1209820, 4
mp-1206769, 4
mp-1034137, 4
mp-1219585, 4
mp-1103413, 4
mp-1035173, 4
mp-1207464, 4
mp-1189365, 4
mp-8137, 4
mp-753287, 4
mp-1101022, 4
mp-1030894, 4
mp-37014, 4
mp-571383, 4
mp-973767, 4
mp-1079332, 4
mp-651268, 4
mp-16756, 4
mp-1104568, 4
mp-1031975, 4
mp-1189525, 4
mp-1206155, 4
mp-1212513, 4
mp-8789, 4
mp-669566, 4
mp-3817, 4
mp-1067475, 4
mp-1226650, 4
mp-1099227, 4
mp-698680, 4
mp-1210092, 4
mp-1206959, 4
mp-1035597, 4
mp-1208135, 4
mp-1208297, 4
mp-10166, 4
mp-1215940, 4
mp-17522, 4
mp-758826, 4
mp-2230624, 4
mp-1206916, 4
mp-20478, 4
mp-1224891, 4
mp-554433, 4
mp-1206950, 4
mp-759042, 4
mp-1206493, 4
mp-1018097, 4
mp-1039919, 4
mp-1076973, 4
mp-1222504, 4
mp-33239, 4
mp-2231096, 4
mp-1040328, 4
mp-1047248, 4
mp-1038188, 4
mp-1212113, 4
mp-1045705, 4
mp-29806, 4
mp-754403, 4
mp-1094249, 4
mp-31252, 4
mp-555538, 4
mp-7621, 4
mp-1079468, 4
mp-1208014, 4
mp-861, 4
mp-672265, 4
mp-772510, 4
mp-1196825, 4
mp-757186, 4
mp-1207136, 4
mp-5386, 4
mp-323, 4
mp-1018131, 4
mp-1187273, 4
mp-765413, 4
mp-1209439, 4
mp-1198478, 4
mp-972607, 4
mp-1038674, 4
mp-1209243, 4
mp-18212, 4
mp-679951, 4
mp-1079056, 4
mp-568686, 4
mp-2227301, 4
mp-754910, 4
mp-20510, 4
mp-1211991, 4
mp-1189677, 4
mp-7469, 4
mp-1018124, 4
mp-762454, 4
mp-1183699, 4
mp-1217927, 4
mp-33526, 4
mp-629397, 4
mp-1207198, 4
mp-23050, 4
mp-1186158, 4
mp-2048, 4
mp-1036087, 4
mp-976824, 4
mp-5734, 4
mp-1245486, 4
mp-989197, 4
mp-33449, 4
mp-11300, 4
mp-1214691, 4
mp-1247306, 4
mp-20732, 4
mp-1224083, 4
mp-764354, 4
mp-1037735, 4
mp-1018895, 4
mp-755322, 4
mp-1102486, 4
mp-1106404, 4
mp-1227406, 4
mp-972912, 4
mp-1001023, 4
mp-675946, 4
mp-1037944, 4
mp-2241898, 4
mp-22046, 4
mp-1070907, 4
mp-1222522, 4
mp-2229058, 4
mp-1199771, 4
mp-559270, 4
mp-28920, 4
mp-1032982, 4
mp-22108, 4
mp-1212026, 4
mp-1032172, 4
mp-22271, 4
mp-14748, 4
mp-1080723, 4
mp-12059, 4
mp-1223784, 4
mp-552016, 4
mp-4820, 4
mp-1246952, 4
mp-1221036, 4
mp-1204608, 4
mp-1022722, 4
mp-756993, 4
mp-510041, 4
mp-1218101, 4
mp-1219894, 4
mp-1209593, 4
mp-40286, 4
mp-1009657, 4
mp-1037549, 4
mp-1094069, 4
mp-1071468, 4
mp-756878, 4
mp-979988, 4
mp-1091362, 4
mp-30387, 4
mp-1025261, 4
mp-1223633, 4
mp-556809, 4
mp-1228809, 4
mp-21057, 4
mp-2229127, 4
mp-1030909, 4
mp-7910, 4
mp-1208973, 4
mp-1098251, 4
mp-558965, 4
mp-1245895, 4
mp-2218200, 4
mp-22771, 4
mp-1225890, 4
mp-13962, 4
mp-675638, 4
mp-1033306, 4
mp-1037467, 4
mp-2232202, 4
mp-543031, 4
mp-981749, 4
mp-557073, 4
mp-39843, 4
mp-504691, 4
mp-1101654, 4
mp-1237139, 4
mp-4744, 4
mp-1225392, 4
mp-1036231, 4
mp-1209130, 4
mp-626316, 4
mp-1521444, 4
mp-1200872, 4
mp-1098156, 4
mp-1641158, 4
mp-29771, 4
mp-1147713, 4
mp-1045986, 4
mp-2232736, 4
mp-16251, 4
mp-697677, 4
mp-1042189, 4
mp-17974, 4
mp-6945, 4
mp-1197417, 4
mp-1232088, 4
mp-705284, 4
mp-20803, 4
mp-1188112, 4
mp-16487, 4
mp-1105187, 4
mp-1030823, 4
mp-1924816, 4
mp-18933, 4
mp-1206818, 4
mp-1040874, 4
mp-1018653, 4
mp-1102174, 4
mp-1204807, 4
mp-672326, 4
mp-1196709, 4
mp-42981, 4
mp-33392, 4
mp-1217228, 4
mp-1186863, 4
mp-765310, 4
mp-556911, 4
mp-1097032, 4
mp-1147570, 4
mp-1222911, 4
mp-540284, 4
mp-754716, 4
mp-569296, 4
mp-560210, 4
mp-1038012, 4
mp-1184793, 4
mp-1147631, 4
mp-760125, 4
mp-1409276, 4
mp-1197005, 4
mp-866505, 4
mp-1025302, 4
mp-1031706, 4
mp-1235682, 4
mp-542132, 4
mp-12063, 4
mp-979982, 4
mp-1031808, 4
mp-1219751, 4
mp-1031610, 4
mp-1223060, 4
mp-1223237, 4
mp-1219447, 4
mp-1206533, 4
mp-1232329, 4
mp-505249, 4
mp-1037957, 4
mp-1069191, 4
mp-1183928, 4
mp-1223810, 4
mp-1185275, 4
mp-1201202, 4
mp-1209056, 4
mp-556060, 4
mp-1072082, 4
mp-7098, 4
mp-1218320, 4
mp-1079182, 4
mp-1186176, 4
mp-1079089, 4
mp-685220, 4
mp-1036879, 4
mp-19412, 4
mp-21408, 4
mp-1032360, 4
mp-1215585, 4
mp-1079886, 4
mp-1218709, 4
mp-30358, 4
mp-1205673, 4
mp-2225887, 4
mp-1216544, 4
mp-1033981, 4
mp-1215895, 4
mp-30273, 4
mp-7806, 4
mp-20462, 4
mp-1218235, 4
mp-35777, 4
mp-14835, 4
mp-1207532, 4
mp-1218954, 4
mp-987595, 4
mp-1036522, 4
mp-2752729, 4
mp-1071541, 4
mp-1223800, 4
mp-555007, 4
mp-1214261, 4
mp-1218447, 4
mp-1208212, 4
mp-19272, 4
mp-1095230, 4
mp-1093993, 4
mp-2226133, 4
mp-754901, 4
mp-1217978, 4
mp-1035300, 4
mp-1193970, 4
mp-1071230, 4
mp-601420, 4
mp-16591, 4
mp-1219648, 4
mp-755371, 4
mp-1184916, 4
mp-10676, 4
mp-5992, 4
mp-1147546, 4
mp-1208174, 4
mp-8874, 4
mp-1057139, 4
mp-555616, 4
mp-1039844, 4
mp-1217135, 4
mp-1227492, 4
mp-1189777, 4
mp-1103904, 4
mp-19329, 4
mp-1222326, 4
mp-1215945, 4
mp-1105558, 4
mp-1188099, 4
mp-1048044, 4
mp-1069379, 4
mp-1040313, 4
mp-1405850, 4
mp-756155, 4
mp-1095201, 4
mp-772261, 4
mp-1229046, 4
mp-17857, 4
mp-21900, 4
mp-36819, 4
mp-1211982, 4
mp-2232683, 4
mp-1205516, 4
mp-4651, 4
mp-30228, 4
mp-727994, 4
mp-1003854, 4
mp-1214529, 4
mp-1206417, 4
mp-571382, 4
mp-7583, 4
mp-2221, 4
mp-1099241, 4
mp-1179949, 4
mp-1217457, 4
mp-27603, 4
mp-19974, 4
mp-765665, 4
mp-1181094, 4
mp-1214822, 4
mp-567618, 4
mp-1030910, 4
mp-1077029, 4
mp-1226577, 4
mp-1048300, 4
mp-1188548, 4
mp-1178355, 4
mp-1223805, 4
mp-568161, 4
mp-1228467, 4
mp-1191683, 4
mp-12977, 4
mp-1183949, 4
mp-1216774, 4
mp-1095337, 4
mp-1176413, 4
mp-754128, 4
mp-1031973, 4
mp-1226860, 4
mp-1272971, 5
mp-765427, 5
mp-779347, 5
mp-2230642, 5
mp-625774, 5
mp-559364, 5
mp-2714418, 5
mp-2229633, 5
mp-1385378, 5
mp-1224204, 5
mp-768782, 5
mp-2226542, 5
mp-1247573, 5
mp-1177065, 5
mp-1228739, 5
mp-1176237, 5
mp-2715759, 5
mp-889388, 5
mp-1175429, 5
mp-1047387, 5
mp-2217252, 5
mp-2232581, 5
mp-2713617, 5
mp-2220247, 5
mp-1075742, 5
mp-2231033, 5
mp-2712575, 5
mp-1047109, 5
mp-720509, 5
mp-1200510, 5
mp-1175633, 5
mp-1074272, 5
mp-1244872, 5
mp-720921, 5
mp-32868, 5
mp-1223362, 5
mp-2715583, 5
mp-763223, 5
mp-1233533, 5
mp-2713151, 5
mp-685365, 5
mp-2229384, 5
mp-685099, 5
mp-669309, 5
mp-755172, 5
mp-1179210, 5
mp-755607, 5
mp-1216160, 5
mp-1177205, 5
mp-1100969, 5
mp-1196993, 5
mp-676168, 5
mp-802021, 5
mp-831248, 5
mp-680277, 5
mp-2715553, 5
mp-851443, 5
mp-694926, 5
mp-1174611, 5
mp-24516, 5
mp-2716078, 5
mp-1073122, 5
mp-1367287, 5
mp-1302566, 5
mp-1029705, 5
mp-770620, 5
mp-1177438, 5
mp-560703, 5
mp-1105275, 5
mp-1177314, 5
mp-1234918, 5
mp-2228329, 5
mp-1224176, 5
mp-1225931, 5
mp-1245279, 5
mp-1212408, 5
mp-2713940, 5
mp-1174725, 5
mp-2715918, 5
mp-2716095, 5
mp-758510, 5
mp-759404, 5
mp-2713318, 5
mp-1180620, 5
mp-755710, 5
mp-1279364, 5
mp-556369, 5
mp-706661, 5
mp-23955, 5
mp-1177390, 5
mp-2714089, 5
mp-2713375, 5
mp-2230262, 5
mp-752758, 5
mp-1177238, 5
mp-908109, 5
mp-773136, 5
mp-1247714, 5
mp-887528, 5
mp-2230438, 5
mp-2220457, 5
mp-2236590, 5
mp-1378888, 5
mp-2232050, 5
mp-2714210, 5
mp-1176615, 5
mp-2241187, 5
mp-758155, 5
mp-2216105, 5
mp-867956, 5
mp-752720, 5
mp-1436582, 5
mp-758622, 5
mp-1192991, 5
mp-1221291, 5
mp-2715397, 5
mp-774931, 5
mp-799384, 5
mp-1217448, 5
mp-757122, 5
mp-1304518, 5
mp-1375444, 5
mp-1174594, 5
mp-1174612, 5
mp-1210338, 5
mp-1096920, 5
mp-1076557, 5
mp-1045231, 5
mp-849324, 5
mp-2228702, 5
mp-543056, 5
mp-706386, 5
mp-776095, 5
mp-1276248, 5
mp-18096, 5
mp-2714927, 5
mp-1369942, 5
mp-1232974, 5
mp-1075371, 5
mp-1204530, 5
mp-1199780, 5
mp-2219545, 5
mp-771651, 5
mp-2233216, 5
mp-1234964, 5
mp-1173940, 5
mp-754688, 5
mp-772927, 5
mp-1235267, 5
mp-759240, 5
mp-759037, 5
mp-2715665, 5
mp-1174297, 5
mp-695699, 5
mp-561374, 5
mp-1395186, 5
mp-1180640, 5
mp-2714670, 5
mp-806951, 5
mp-753865, 5
mp-697842, 5
mp-757033, 5
mp-1210944, 5
mp-1642086, 5
mp-1238442, 5
mp-1175215, 5
mp-1234647, 5
mp-703350, 5
mp-760205, 5
mp-859111, 5
mp-1233756, 5
mp-1244970, 5
mp-1234343, 5
mp-768652, 5
mp-2713974, 5
mp-884044, 5
mp-1246058, 5
mp-1302334, 5
mp-2715093, 5
mp-752864, 5
mp-675023, 5
mp-2714419, 5
mp-772208, 5
mp-699243, 5
mp-1378229, 5
mp-1244880, 5
mp-2217796, 5
mp-1220802, 5
mp-681165, 5
mp-2714347, 5
mp-2713889, 5
mp-2229985, 5
mp-1173871, 5
mp-676935, 5
mp-667309, 5
mp-743694, 5
mp-24818, 5
mp-721697, 5
mp-1273442, 5
mp-1237178, 5
mp-1193494, 5
mp-1221053, 5
mp-2226480, 5
mp-568873, 5
mp-1226586, 5
mp-1175314, 5
mp-1197111, 5
mp-1075012, 5
mp-1210587, 5
mp-1076894, 5
mp-2241082, 5
mp-1638820, 5
mp-1047061, 5
mp-504387, 5
mp-1218914, 5
mp-1074475, 5
mp-1182604, 5
mp-1217037, 5
mp-753681, 5
mp-1247311, 5
mp-1190428, 5
mp-560411, 5
mp-1179388, 5
mp-1172980, 5
mp-695887, 5
mp-1244922, 5
mp-1375244, 5
mp-1235111, 5
mp-1174834, 5
mp-16882, 5
mp-1047580, 5
mp-1177397, 5
mp-22285, 5
mp-773009, 5
mp-1045871, 5
mp-2220399, 5
mp-2715323, 5
mp-1297753, 5
mp-1177127, 5
mp-561205, 5
mp-686139, 5
mp-757373, 5
mp-1391176, 5
mp-1219794, 5
mp-760919, 5
mp-693358, 5
mp-2716524, 5
mp-2716559, 5
mp-1340716, 5
mp-2217551, 5
mp-761549, 5
mp-2716415, 5
mp-2713405, 5
mp-753084, 5
mp-765080, 5
mp-675208, 5
mp-867666, 5
mp-2712872, 5
mp-1246062, 5
mp-777639, 5
mp-1175784, 5
mp-1345007, 5
mp-1174880, 5
mp-1245154, 5
mp-1183027, 5
mp-1233662, 5
mp-2714907, 5
mp-2352131, 5
mp-756429, 5
mp-1197636, 5
mp-1020657, 5
mp-532526, 5
mp-1290870, 5
mp-1073075, 5
mp-769530, 5
mp-1218676, 5
mp-760105, 5
mp-849704, 5
mp-773826, 5
mp-1376041, 5
mp-1233368, 5
mp-1179980, 5
mp-2713108, 5
mp-676636, 5
mp-758757, 5
mp-2230010, 5
mp-1099945, 5
mp-862839, 5
mp-652326, 5
mp-2230617, 5
mp-849519, 5
mp-2716266, 5
mp-1235045, 5
mp-1101496, 5
mp-1177108, 5
mp-686745, 5
mp-772646, 5
mp-759547, 5
mp-1221286, 5
mp-1387028, 5
mp-698602, 5
mp-760111, 5
mp-1104481, 5
mp-777461, 5
mp-777957, 5
mp-766383, 5
mp-779341, 5
mp-675345, 5
mp-2715452, 5
mp-1233561, 5
mp-2218386, 5
mp-758700, 5
mp-1215418, 5
mp-1225986, 5
mp-1234900, 5
mp-2713636, 5
mp-759136, 5
mp-697676, 5
mp-1219562, 5
mp-26164, 5
mp-756830, 5
mp-1522279, 5
mp-780514, 5
mp-1661766, 5
mp-1370081, 5
mp-851257, 5
mp-767706, 5
mp-1202961, 5
mp-2713452, 5
mp-2230587, 5
mp-693682, 5
mp-863411, 5
mp-775689, 5
mp-2230516, 5
mp-770837, 5
mp-2228567, 5
mp-1245106, 5
mp-764836, 5
mp-1105212, 5
mp-694971, 5
mp-2230315, 5
mp-1190591, 5
mp-761030, 5
mp-1224558, 5
mp-1099661, 5
mp-755564, 5
mp-2715006, 5
mp-779017, 5
mp-26515, 5
mp-2713372, 5
mp-2714915, 5
mp-1073919, 5
mp-1662514, 5
mp-1200408, 5
mp-1222822, 5
mp-1210633, 5
mp-768281, 5
mp-2712948, 5
mp-1221189, 5
mp-1378757, 5
mp-1650352, 5
mp-1232255, 5
mp-686717, 5
mp-2713672, 5
mp-1245166, 5
mp-761017, 5
mp-1223487, 5
mp-2716320, 5
mp-771985, 5
mp-1306251, 5
mp-1246621, 5
mp-1376202, 5
mp-1103547, 5
mp-849284, 5
mp-1233187, 5
mp-2232925, 5
mp-561974, 5
mp-2227299, 5
mp-694911, 5
mp-2219107, 5
mp-1198303, 5
mp-1175032, 5
mp-1395621, 5
mp-2714902, 5
mp-4428, 5
mp-2229033, 5
mp-776336, 5
mp-761266, 5
mp-849650, 5
mp-780433, 5
mp-1249969, 5
mp-775203, 5
mp-1101540, 5
mp-752866, 5
mp-683668, 5
mp-886588, 5
mp-1076165, 5
mp-2713148, 5
mp-1245830, 5
mp-2230684, 5
mp-2714814, 5
mp-1274757, 5
mp-1175386, 5
mp-1382294, 5
mp-1234235, 5
mp-849542, 5
mp-2715599, 5
mp-531591, 5
mp-849502, 5
mp-2216965, 5
mp-672266, 5
mp-555234, 5
mp-1101413, 5
mp-1234433, 5
mp-757207, 5
mp-1234013, 5
mp-1175222, 5
mp-1228065, 5
mp-2232080, 5
mp-1046254, 5
mp-2715168, 5
mp-1352343, 5
mp-1245014, 5
mp-2231369, 5
mp-759935, 5
mp-2713208, 5
mp-694869, 5
mp-1377836, 5
mp-1223617, 5
mp-1223737, 5
mp-2216973, 5
mp-3346739, 5
mp-697807, 5
mp-2233187, 5
mp-768701, 5
mp-753186, 5
mp-2716454, 5
mp-553000, 5
mp-754559, 5
mp-1177492, 5
mp-773139, 5
mp-2716081, 5
mp-722310, 5
mp-1293179, 5
mp-1177165, 5
mp-807001, 5
mp-2713322, 5
mp-1173187, 5
mp-1245052, 5
mp-756577, 5
mp-703297, 5
mp-1202968, 5
mp-775978, 5
mp-2715175, 5
mp-753504, 5
mp-675747, 5
mp-1176090, 5
mp-766001, 5
mp-2713110, 5
mp-1174383, 5
mp-1233622, 5
mp-2715312, 5
mp-758854, 5
mp-1046576, 5
mp-2715070, 5
mp-778813, 5
mp-2220227, 5
mp-761163, 5
mp-1305683, 5
mp-780407, 5
mp-2713855, 5
mp-1225445, 5
mp-1182561, 5
mp-2712554, 5
mp-1262187, 5
mp-772682, 5
mp-1177206, 5
mp-1519994, 5
mp-1175591, 5
mp-1041683, 5
mp-756358, 5
mp-1246355, 5
mp-1104255, 5
mp-1411502, 5
mp-1101121, 5
mp-752727, 5
mp-1175952, 5
mp-1305525, 5
mp-1238576, 5
mp-705588, 5
mp-558680, 5
mp-1176087, 5
mp-2227074, 5
mp-805196, 5
mp-1192919, 5
mp-2714091, 5
mp-1234630, 5
mp-1646544, 5
mp-2712834, 5
mp-1233284, 5
mp-1235374, 5
mp-1346483, 5
mp-1227807, 5
mp-675802, 5
mp-696849, 5
mp-1402218, 5
mp-2714809, 5
mp-530870, 5
mp-1200028, 5
mp-1174244, 5
mp-728819, 5
mp-2233766, 5
mp-2713039, 5
mp-1228808, 5
mp-1073750, 5
mp-2715623, 5
mp-776598, 5
mp-695873, 5
mp-1046047, 5
mp-1375399, 5
mp-2712878, 5
mp-1233259, 5
mp-2716443, 5
mp-1234110, 5
mp-753925, 5
mp-849555, 5
mp-2714015, 5
mp-2218263, 5
mp-1176977, 5
mp-627575, 5
mp-2716322, 5
mp-861290, 5
mp-1100513, 5
mp-2223660, 5
mp-764927, 5
mp-2714182, 5
mp-704890, 5
mp-2715683, 5
mp-2714217, 5
mp-554187, 5
mp-1245032, 5
mp-2716477, 5
mp-1219592, 5
mp-2716420, 5
mp-1666930, 5
mp-2219314, 5
mp-1233976, 5
mp-31230, 5
mp-1043299, 5
mp-1323680, 5
mp-1200159, 5
mp-2716480, 5
mp-22196, 5
mp-758658, 5
mp-1210391, 5
mp-1211158, 5
mp-1174419, 5
mp-1245122, 5
mp-1175686, 5
mp-760000, 5
mp-1176400, 5
mp-1192633, 5
mp-1223750, 5
mp-1244984, 5
mp-684802, 5
mp-1246628, 5
mp-1222630, 5
mp-2714642, 5
mp-1201415, 5
mp-761161, 5
mp-2714536, 5
mp-1233296, 5
mp-850186, 5
mp-1173920, 5
mp-850930, 5
mp-861850, 5
mp-2217601, 5
mp-1221605, 5
mp-726133, 5
mp-769537, 5
mp-849618, 5
mp-1223983, 5
mp-1099653, 5
mp-2713123, 5
mp-1223601, 5
mp-677069, 5
mp-1073130, 5
mp-2714399, 5
mp-2714032, 5
mp-755961, 5
mp-1105337, 5
mp-2230699, 5
mp-1175567, 5
mp-757016, 5
mp-2712888, 5
mp-505402, 5
mp-567537, 5
mp-1238596, 5
mp-1100882, 5
mp-2716037, 5
mp-2231117, 5
mp-1234143, 5
mp-1178812, 5
mp-849482, 5
mp-684081, 5
mp-2856, 5
mp-656850, 5
mp-850360, 5
mp-1234293, 5
mp-1101589, 5
mp-686183, 5
mp-1194776, 5
mp-1046354, 5
mp-1209754, 5
mp-685375, 5
mp-1190989, 5
mp-1176722, 5
mp-1407342, 5
mp-560849, 5
mp-560898, 5
mp-1175681, 5
mp-1235836, 5
mp-776604, 5
mp-1073819, 5
mp-1199342, 5
mp-728514, 5
mp-1233959, 5
mp-1189850, 5
mp-1225908, 5
mp-1229314, 5
mp-1096889, 5
mp-1100532, 5
mp-2714859, 5
mp-778739, 5
mp-1181229, 5
mp-2713343, 5
mp-1214666, 5
mp-1174118, 5
mp-2241108, 5
mp-764971, 5
mp-1176202, 5
mp-2713438, 5
mp-752567, 5
mp-29680, 5
mp-781824, 5
mp-1075649, 5
mp-755269, 5
mp-2215803, 5
mp-1224278, 5
mp-1190736, 5
mp-1195183, 5
mp-867580, 5
mp-1276282, 5
mp-733858, 5
mp-768750, 5
mp-1175373, 5
mp-675571, 5
mp-2229527, 5
mp-1335998, 5
mp-2231003, 5
mp-1245133, 5
mp-31552, 5
mp-2714105, 5
mp-2714828, 5
mp-771710, 5
mp-2715736, 5
mp-1264966, 5
mp-27166, 5
mp-1399250, 5
mp-1228582, 5
mp-753197, 5
mp-1177056, 5
mp-2240808, 5
mp-2714899, 5
mp-1076516, 5
mp-1216864, 5
mp-2225881, 5
mp-1046375, 5
mp-557658, 5
mp-1233726, 5
mp-756853, 5
mp-772524, 5
mp-726198, 5
mp-735580, 5
mp-1246126, 5
mp-558178, 5
mp-542803, 5
mp-1234960, 5
mp-2715585, 5
mp-1217940, 5
mp-1666476, 5
mp-777289, 5
mp-1196382, 5
mp-1175727, 5
mp-777167, 5
mp-2761342, 5
mp-760035, 5
mp-1177412, 5
mp-1228762, 5
mp-757952, 5
mp-1203927, 5
mp-686328, 5
mp-1386918, 5
mp-1246866, 5
mp-1100928, 5
mp-2714767, 5
mp-761819, 5
mp-1174514, 5
mp-1221033, 5
mp-2713796, 5
mp-1045584, 5
mp-763752, 5
mp-2713130, 5
mp-1309272, 5
mp-752869, 5
mp-1227804, 5
mp-1072989, 5
mp-2716138, 5
mp-2230715, 5
mp-1663238, 5
mp-756019, 5
mp-731625, 5
mp-1220461, 5
mp-779164, 5
mp-755049, 5
mp-1226029, 5
mp-2715550, 5
mp-28400, 5
mp-759025, 5
mp-2230995, 5
mp-778244, 5
mp-1177590, 5
mp-1376614, 5
mp-1182089, 5
mp-1234609, 5
mp-581575, 5
mp-1224708, 5
mp-2714413, 5
mp-805204, 5
mp-2713907, 5
mp-703865, 5
mp-2715731, 5
mp-1194158, 5
mp-667291, 5
mp-1176771, 5
mp-760913, 5
mp-675681, 5
mp-1214295, 5
mp-765411, 5
mp-2712864, 5
mp-2713816, 5
mp-2715460, 5
mp-1020650, 5
mp-2714598, 5
mp-1255391, 5
mp-1192451, 5
mp-541026, 5
mp-2715666, 5
mp-1371609, 5
mp-731452, 5
mp-752782, 5
mp-1360641, 5
mp-26173, 5
mp-758274, 5
mp-2714777, 5
mp-1308812, 5
mp-1213660, 5
mp-772236, 5
mp-757263, 5
mp-697835, 5
mp-6775, 5
mp-1219375, 5
mp-1045965, 5
mp-863405, 5
mp-1248247, 5
mp-863380, 5
mp-2714158, 5
mp-1366463, 5
mp-2218434, 5
mp-776089, 5
mp-1201288, 5
mp-679936, 5
mp-2712814, 5
mp-758953, 5
mp-775433, 5
mp-1234117, 5
mp-762344, 5
mp-2228363, 5
mp-32633, 5
mp-935925, 5
mp-2224814, 5
mp-1105646, 5
mp-761043, 5
mp-554967, 5
mp-2713056, 5
mp-803707, 5
mp-2713391, 5
mp-1175720, 5
mp-685395, 5
mp-758033, 5
mp-1046434, 5
mp-2218908, 5
mp-2230696, 5
mp-661308, 5
mp-705898, 5
mp-759095, 5
mp-778249, 5
mp-584129, 5
mp-1234368, 5
mp-762292, 5
mp-2233672, 5
mp-1207652, 5
mp-558722, 5
mp-1235308, 5
mp-703272, 5
mp-1179354, 5
mp-850998, 5
mp-768078, 5
mp-2714055, 5
mp-1245092, 5
mp-1265318, 5
mp-1190879, 5
mp-771660, 5
mp-2220000, 5
mp-1219915, 5
mp-1173540, 5
mp-1428949, 5
mp-25572, 5
mp-780586, 5
mp-767820, 5
mp-1216458, 5
mp-1195149, 5
mp-1182536, 5
mp-1247703, 5
mp-1245300, 5
mp-652711, 5
mp-2716468, 5
mp-2713718, 5
mp-1227651, 5
mp-1222830, 5
mp-2228896, 5
mp-2716293, 5
mp-1200473, 5
mp-1244972, 5
mp-1233504, 5
mp-2715136, 5
mp-780807, 5
mp-1227748, 5
mp-2231257, 5
mp-753945, 5
mp-775171, 5
mp-2716277, 5
mp-761077, 5
mp-563041, 5
mp-763729, 5
mp-1177173, 5
mp-1181533, 5
mp-1333484, 5
mp-675745, 5
mp-1661768, 5
mp-757552, 5
mp-2218581, 5
mp-32682, 5
mp-780113, 5
mp-1174296, 5
mp-2715872, 5
mp-2714457, 5
mp-1248269, 5
mp-1075203, 5
mp-1194959, 5
mp-2229658, 5
mp-1216267, 5
mp-1074404, 5
mp-1073208, 5
mp-705024, 5
mp-1306442, 5
mp-1359845, 5
mp-643365, 5
mp-758731, 5
mp-1175570, 5
mp-763241, 5
mp-760197, 5
mp-2713421, 5
mp-2713451, 5
mp-727164, 5
mp-755081, 5
mp-1367479, 5
mp-1235065, 5
mp-1236127, 5
mp-1175287, 5
mp-2228972, 5
mp-1100934, 5
mp-1177617, 5
mp-2716145, 5
mp-779764, 5
mp-1306070, 5
mp-1235295, 5
mp-2716483, 5
mp-2714858, 5
mp-758339, 5
mp-559350, 5
mp-1233845, 5
mp-1244920, 5
mp-1173972, 5
mp-1173450, 5
mp-2715973, 5
mp-29871, 5
mp-1175604, 5
mp-753458, 5
mp-706246, 5
mp-532803, 5
mp-1276416, 5
mp-673434, 5
mp-2714236, 5
mp-698018, 5
mp-754679, 5
mp-2216927, 5
mp-1174569, 5
mp-2712940, 5
mp-1100085, 5
mp-1233612, 5
mp-1233638, 5
mp-555873, 5
mp-2715644, 5
mp-1244939, 5
mp-25291, 5
mp-2231153, 5
mp-849450, 5
mp-2714590, 5
mp-1200362, 5
mp-776447, 5
mp-1177013, 5
mp-550763, 5
mp-1236436, 5
mp-745203, 5
mp-777003, 5
mp-766599, 5
mp-1232058, 5
mp-531968, 5
mp-28064, 5
mp-761278, 5
mp-2716317, 5
mp-1639712, 5
mp-558944, 5
mp-1233455, 5
mp-2714955, 5
mp-1175057, 5
mp-1197627, 5
mp-773144, 5
mp-3346566, 5
mp-755679, 5
mp-2230519, 5
mp-758579, 5
mp-1235447, 5
mp-1180280, 5
mp-665035, 5
mp-695491, 5
mp-1045498, 5
mp-1233854, 5
mp-1519421, 5
mp-1175078, 5
mp-729608, 5
mp-667421, 5
mp-2715129, 5
mp-1209228, 5
mp-2218410, 5
mp-2233531, 5
mp-760020, 5
mp-1305099, 5
mp-1174704, 5
mp-541867, 5
mp-753538, 5
mp-2230245, 5
mp-1233565, 5
mp-30026, 5
mp-774867, 5
mp-777357, 5
mp-755929, 5
mp-504263, 5
mp-1238895, 5
mp-581586, 5
mp-987456, 5
mp-780092, 5
mp-2230553, 5
mp-2715922, 5
mp-2230231, 5
mp-1176196, 5
mp-1226270, 5
mp-1177285, 5
mp-1235879, 5
mp-684725, 5
mp-1099665, 5
mp-1196542, 5
mp-761228, 5
mp-755845, 5
mp-764651, 5
mp-753592, 5
mp-1247692, 5
mp-768850, 5
mp-1177062, 5
mp-568925, 6
mp-9028, 6
mp-1176460, 6
mp-1023923, 6
mp-1246897, 6
mp-1215625, 6
mp-1221125, 6
mp-11342, 6
mp-561017, 6
mp-554262, 6
mp-1227306, 6
mp-21282, 6
mp-1235230, 6
mp-1185643, 6
mp-2217569, 6
mp-1190404, 6
mp-29208, 6
mp-1224819, 6
mp-775221, 6
mp-2217325, 6
mp-531530, 6
mp-1177905, 6
mp-1215658, 6
mp-1041352, 6
mp-1027170, 6
mp-1216717, 6
mp-1202866, 6
mp-764326, 6
mp-780405, 6
mp-1047421, 6
mp-1227438, 6
mp-1225590, 6
mp-1206416, 6
mp-754400, 6
mp-27775, 6
mp-5073, 6
mp-1191197, 6
mp-7569, 6
mp-1223998, 6
mp-1216056, 6
mp-1028932, 6
mp-1223157, 6
mp-771693, 6
mp-1120819, 6
mp-861181, 6
mp-1245660, 6
mp-7113, 6
mp-504919, 6
mp-1078114, 6
mp-540789, 6
mp-1222723, 6
mp-1219657, 6
mp-867955, 6
mp-20277, 6
mp-1295386, 6
mp-555594, 6
mp-1192032, 6
mp-720800, 6
mp-999337, 6
mp-1184744, 6
mp-1205774, 6
mp-1104864, 6
mp-753943, 6
mp-753104, 6
mp-11332, 6
mp-1027471, 6
mp-567504, 6
mp-1219190, 6
mp-1247108, 6
mp-1046986, 6
mp-757861, 6
mp-1219173, 6
mp-775992, 6
mp-1224064, 6
mp-34144, 6
mp-1245974, 6
mp-1233693, 6
mp-1028456, 6
mp-1222229, 6
mp-2712752, 6
mp-765566, 6
mp-2242317, 6
mp-2716482, 6
mp-1212618, 6
mp-1066131, 6
mp-976969, 6
mp-1228104, 6
mp-23896, 6
mp-1027894, 6
mp-554822, 6
mp-1213156, 6
mp-1182904, 6
mp-17481, 6
mp-1080119, 6
mp-760793, 6
mp-2240949, 6
mp-1216070, 6
mp-1080149, 6
mp-1105910, 6
mp-999259, 6
mp-7825, 6
mp-1220734, 6
mp-1211098, 6
mp-13619, 6
mp-1201250, 6
mp-669713, 6
mp-2017405, 6
mp-1245913, 6
mp-1219394, 6
mp-28873, 6
mp-26062, 6
mp-2713887, 6
mp-22214, 6
mp-755216, 6
mp-1210300, 6
mp-16804, 6
mp-643801, 6
mp-754455, 6
mp-2588, 6
mp-1232362, 6
mp-1027721, 6
mp-760232, 6
mp-2713906, 6
mp-1173923, 6
mp-1078069, 6
mp-1027581, 6
mp-1228529, 6
mp-780260, 6
mp-27440, 6
mp-555079, 6
mp-999489, 6
mp-555971, 6
mp-1221856, 6
mp-18147, 6
mp-2232725, 6
mp-1232293, 6
mp-7250, 6
mp-2222947, 6
mp-1210058, 6
mp-740739, 6
mp-554955, 6
mp-29339, 6
mp-2715046, 6
mp-634, 6
mp-1177019, 6
mp-1076222, 6
mp-1199746, 6
mp-1443950, 6
mp-1216509, 6
mp-772191, 6
mp-28714, 6
mp-1221907, 6
mp-1387459, 6
mp-1246745, 6
mp-766129, 6
mp-3285, 6
mp-1066791, 6
mp-8891, 6
mp-2741293, 6
mp-1223963, 6
mp-1235212, 6
mp-1078054, 6
mp-2713827, 6
mp-2715090, 6
mp-1226467, 6
mp-1247752, 6
mp-1226871, 6
mp-753893, 6
mp-16000, 6
mp-1222133, 6
mp-754314, 6
mp-1212835, 6
mp-4124, 6
mp-1027412, 6
mp-15951, 6
mp-1202365, 6
mp-1227757, 6
mp-756213, 6
mp-2714747, 6
mp-1207944, 6
mp-1216503, 6
mp-1225796, 6
mp-35796, 6
mp-1018770, 6
mp-1028622, 6
mp-1218076, 6
mp-1096820, 6
mp-1220636, 6
mp-1027612, 6
mp-1080167, 6
mp-569666, 6
mp-2713925, 6
mp-2219351, 6
mp-1019562, 6
mp-755426, 6
mp-1217576, 6
mp-1215560, 6
mp-627557, 6
mp-26725, 6
mp-25300, 6
mp-2218033, 6
mp-1220060, 6
mp-1225114, 6
mp-772509, 6
mp-774420, 6
mp-10785, 6
mp-770530, 6
mp-754693, 6
mp-780131, 6
mp-559996, 6
mp-541756, 6
mp-1043764, 6
mp-2219054, 6
mp-1094119, 6
mp-771692, 6
mp-1225300, 6
mp-1410863, 6
mp-18843, 6
mp-1228882, 6
mp-775102, 6
mp-4002, 6
mp-1060787, 6
mp-1222673, 6
mp-26275, 6
mp-2219440, 6
mp-5475, 6
mp-776325, 6
mp-362, 6
mp-764983, 6
mp-2232137, 6
mp-540546, 6
mp-1213805, 6
mp-1212739, 6
mp-31239, 6
mp-1247126, 6
mp-1025678, 6
mp-1216702, 6
mp-8995, 6
mp-1094008, 6
mp-17754, 6
mp-778848, 6
mp-1041271, 6
mp-19391, 6
mp-2714490, 6
mp-9385, 6
mp-1179169, 6
mp-859878, 6
mp-1018122, 6
mp-1223627, 6
mp-1219371, 6
mp-1212382, 6
mp-6071, 6
mp-19359, 6
mp-2240501, 6
mp-579560, 6
mp-1104388, 6
mp-1028704, 6
mp-2240324, 6
mp-558595, 6
mp-1223931, 6
mp-1080188, 6
mp-2240064, 6
mp-541661, 6
mp-1027139, 6
mp-2227822, 6
mp-2219567, 6
mp-14112, 6
mp-1095001, 6
mp-696387, 6
mp-1026941, 6
mp-568136, 6
mp-22116, 6
mp-1235327, 6
mp-1078871, 6
mp-1100877, 6
mp-1247039, 6
mp-1201941, 6
mp-10326, 6
mp-559608, 6
mp-6233, 6
mp-1044153, 6
mp-9202, 6
mp-1080812, 6
mp-780873, 6
mp-1029327, 6
mp-2240594, 6
mp-1214424, 6
mp-1044490, 6
mp-1195519, 6
mp-1222365, 6
mp-1048861, 6
mp-1387732, 6
mp-542734, 6
mp-1223458, 6
mp-1387852, 6
mp-1217443, 6
mp-1232651, 6
mp-755947, 6
mp-1238872, 6
mp-1045062, 6
mp-755478, 6
mp-974788, 6
mp-1220896, 6
mp-755788, 6
mp-1220614, 6
mp-3346425, 6
mp-1025599, 6
mp-40144, 6
mp-774416, 6
mp-754011, 6
mp-8285, 6
mp-1185713, 6
mp-1221909, 6
mp-1223850, 6
mp-1213913, 6
mp-1219216, 6
mp-1221563, 6
mp-28138, 6
mp-1030685, 6
mp-554004, 6
mp-1224296, 6
mp-1226316, 6
mp-754212, 6
mp-14252, 6
mp-22671, 6
mp-690539, 6
mp-541238, 6
mp-1402995, 6
mp-7794, 6
mp-1029937, 6
mp-1190843, 6
mp-1217904, 6
mp-1027334, 6
mp-549728, 6
mp-1205051, 6
mp-20162, 6
mp-762, 6
mp-1227998, 6
mp-1025648, 6
mp-19415, 6
mp-1213708, 6
mp-1246439, 6
mp-1275837, 6
mp-1217502, 6
mp-560086, 6
mp-1043750, 6
mp-1185669, 6
mp-675137, 6
mp-13983, 6
mp-560799, 6
mp-637194, 6
mp-776000, 6
mp-1018691, 6
mp-775224, 6
mp-754472, 6
mp-1039136, 6
mp-1227024, 6
mp-560597, 6
mp-34330, 6
mp-849245, 6
mp-1221645, 6
mp-29468, 6
mp-1227896, 6
mp-5330, 6
mp-571554, 6
mp-2351903, 6
mp-758807, 6
mp-1030353, 6
mp-22990, 6
mp-1221664, 6
mp-1105351, 6
mp-1206265, 6
mp-1216918, 6
mp-1224164, 6
mp-2217318, 6
mp-1220237, 6
mp-1214199, 6
mp-1020711, 6
mp-2218235, 6
mp-560522, 6
mp-1030194, 6
mp-780106, 6
mp-1018768, 6
mp-1025881, 6
mp-570032, 6
mp-1224538, 6
mp-1223486, 6
mp-561525, 6
mp-1029026, 6
mp-760795, 6
mp-1200675, 6
mp-1407346, 6
mp-1222680, 6
mp-1315383, 6
mp-1204525, 6
mp-755082, 6
mp-2217791, 6
mp-1952, 6
mp-1094625, 6
mp-1215527, 6
mp-1215413, 6
mp-7038, 6
mp-2219532, 6
mp-555345, 6
mp-1216801, 6
mp-1028730, 6
mp-568663, 6
mp-1215456, 6
mp-1223695, 6
mp-1217074, 6
mp-1190911, 6
mp-10342, 6
mp-1233228, 6
mp-30357, 6
mp-1232171, 6
mp-1212631, 6
mp-15784, 6
mp-562473, 6
mp-30634, 6
mp-1101924, 6
mp-23275, 6
mp-1097794, 6
mp-2223058, 6
mp-705900, 6
mp-1213675, 6
mp-1407587, 6
mp-7385, 6
mp-1227524, 6
mp-29617, 6
mp-1215636, 6
mp-27919, 6
mp-1225793, 6
mp-754989, 6
mp-1226324, 6
mp-1027510, 6
mp-1207029, 6
mp-776740, 6
mp-1027174, 6
mp-1221460, 6
mp-1225409, 6
mp-572149, 6
mp-1211717, 6
mp-1246084, 6
mp-850412, 6
mp-1196742, 6
mp-1205471, 6
mp-1215387, 6
mp-760347, 6
mp-1205971, 6
mp-1219664, 6
mp-2217278, 6
mp-1021330, 6
mp-1247036, 6
mp-1218051, 6
mp-1027391, 6
mp-1025652, 6
mp-1247061, 6
mp-3556, 6
mp-1197803, 6
mp-694, 6
mp-2714755, 6
mp-1173209, 6
mp-608468, 6
mp-1221838, 6
mp-990084, 6
mp-2219095, 6
mp-1215929, 6
mp-17829, 6
mp-1245567, 6
mp-1094219, 6
mp-754151, 6
mp-1190151, 6
mp-684890, 6
mp-1041142, 6
mp-1225405, 6
mp-1106409, 6
mp-1247173, 6
mp-1228933, 6
mp-1195802, 6
mp-684029, 6
mp-30142, 6
mp-1029165, 6
mp-19143, 6
mp-746778, 6
mp-2224196, 6
mp-561145, 6
mp-569126, 6
mp-1062228, 6
mp-1191185, 6
mp-558864, 6
mp-2646991, 6
mp-1233001, 6
mp-2063, 6
mp-1006891, 6
mp-754424, 6
mp-1030327, 6
mp-1390902, 6
mp-755957, 6
mp-1217424, 6
mp-1209213, 6
mp-1101986, 6
mp-14000, 6
mp-1027569, 6
mp-2713729, 6
mp-761073, 6
mp-572674, 6
mp-1222097, 6
mp-1217883, 6
mp-1023955, 6
mp-510002, 6
mp-1173594, 6
mp-775892, 6
mp-1030605, 6
mp-1185719, 6
mp-2752787, 6
mp-16765, 6
mp-559092, 6
mp-1216047, 6
mp-21409, 6
mp-2714212, 6
mp-26316, 6
mp-1222221, 6
mp-1043880, 6
mp-1216540, 6
mp-2217695, 6
mp-2714936, 6
mp-624417, 6
mp-1040792, 6
mp-2232837, 6
mp-1027761, 6
mp-568730, 6
mp-556719, 6
mp-1027001, 6
mp-1024054, 6
mp-1103681, 6
mp-1211238, 6
mp-1030742, 6
mp-1206187, 6
mp-505615, 6
mp-753164, 6
mp-1027700, 6
mp-1173456, 6
mp-570964, 6
mp-2714027, 6
mp-1385417, 6
mp-2223043, 6
mp-1222370, 6
mp-2227498, 6
mp-684011, 6
mp-1206156, 6
mp-1218975, 6
mp-11031, 6
mp-1217650, 6
mp-1246443, 6
mp-26446, 6
mp-559694, 6
mp-752931, 6
mp-1179785, 6
mp-1177983, 6
mp-22566, 6
mp-2713841, 6
mp-580062, 6
mp-1226248, 6
mp-1227340, 6
mp-1216065, 6
mp-1101882, 6
mp-867575, 6
mp-18775, 6
mp-17841, 6
mp-1222587, 6
mp-1223406, 6
mp-756710, 6
mp-2218295, 6
mp-1214828, 6
mp-1176669, 6
mp-1029077, 6
mp-1227589, 6
mp-776010, 6
mp-793791, 6
mp-1273081, 6
mp-570369, 6
mp-1065933, 6
mp-1218979, 6
mp-1215436, 6
mp-680158, 6
mp-1047200, 6
mp-18795, 6
mp-1019775, 6
mp-1199564, 6
mp-19384, 6
mp-3810, 6
mp-27917, 6
mp-1286093, 6
mp-1236131, 6
mp-1030534, 6
mp-14871, 6
mp-1096867, 6
mp-22981, 6
mp-773330, 6
mp-1206049, 6
mp-644276, 6
mp-570107, 6
mp-2218864, 6
mp-1221969, 6
mp-1025816, 6
mp-1222752, 6
mp-1221456, 6
mp-559672, 6
mp-4366, 6
mp-3211, 6
mp-776178, 6
mp-541187, 6
mp-685197, 6
mp-1224524, 6
mp-1026350, 6
mp-1221101, 6
mp-1540553, 6
mp-8780, 6
mp-759729, 6
mp-1104675, 6
mp-684728, 6
mp-1025988, 6
mp-27913, 6
mp-1177911, 6
mp-1216405, 6
mp-1030418, 6
mp-560296, 6
mp-755797, 6
mp-1028762, 6
mp-19799, 6
mp-1445082, 6
mp-1182024, 6
mp-2716309, 6
mp-2225835, 6
mp-1359814, 6
mp-1029975, 6
mp-1387033, 6
mp-2714626, 6
mp-1040942, 6
mp-1080189, 6
mp-36662, 6
mp-1226742, 6
mp-1018766, 6
mp-1178247, 6
mp-7770, 6
mp-2215955, 6
mp-1212099, 6
mp-1208852, 6
mp-1190411, 6
mp-1217264, 6
mp-686003, 6
mp-24113, 6
mp-757917, 6
mp-2210716, 6
mp-1186845, 6
mp-568488, 6
mp-1220468, 6
mp-16800, 6
mp-562419, 6
mp-780362, 6
mp-1202864, 6
mp-1101917, 6
mp-1224692, 6
mp-1223713, 6
mp-1219278, 6
mp-680169, 6
mp-1030373, 6
mp-636403, 6
mp-1247447, 6
mp-1029321, 6
mp-1228325, 6
mp-1247020, 6
mp-23056, 6
mp-558546, 6
mp-1216524, 6
mp-1228864, 6
mp-1227383, 6
mp-1219673, 6
mp-772714, 6
mp-1094605, 6
mp-728774, 6
mp-30247, 6
mp-1175207, 6
mp-2716570, 6
mp-6134, 6
mp-1245720, 6
mp-1191470, 6
mp-1206642, 6
mp-1030572, 6
mp-28208, 6
mp-1197196, 6
mp-1216740, 6
mp-17888, 6
mp-1221327, 6
mp-1019535, 6
mp-1232253, 6
mp-774450, 6
mp-772295, 6
mp-650841, 6
mp-1221416, 6
mp-547792, 6
mp-571607, 6
mp-1213684, 6
mp-541035, 6
mp-1215708, 6
mp-774314, 6
mp-1246455, 6
mp-756370, 6
mp-1027309, 6
mp-765603, 6
mp-1061732, 6
mp-1215720, 6
mp-30709, 6
mp-775988, 6
mp-755219, 6
mp-1217066, 6
mp-12283, 6
mp-1215881, 6
mp-867998, 6
mp-1225389, 6
mp-1190024, 6
mp-28591, 6
mp-1224178, 6
mp-19317, 6
mp-2227454, 6
mp-1028938, 6
mp-1029950, 6
mp-1223313, 6
mp-1220858, 6
mp-1222197, 6
mp-1176491, 6
mp-1224274, 6
mp-677260, 6
mp-9378, 6
mp-1190418, 6
mp-1224339, 6
mp-2227616, 6
mp-999454, 6
mp-559451, 6
mp-1069755, 6
mp-1206963, 6
mp-2210709, 6
mp-774347, 6
mp-1218646, 6
mp-734183, 6
mp-1406798, 6
mp-530846, 6
mp-28200, 6
mp-1027483, 6
mp-18685, 6
mp-1174157, 6
mp-1412582, 6
mp-1295388, 6
mp-33255, 6
mp-19376, 6
mp-753027, 6
mp-1210825, 6
mp-558933, 6
mp-828822, 6
mp-1219747, 6
mp-562139, 6
mp-1176797, 6
mp-8015, 6
mp-880, 6
mp-1215480, 6
mp-1027274, 6
mp-758972, 6
mp-13630, 6
mp-867750, 6
mp-40157, 6
mp-1103735, 6
mp-560765, 6
mp-1028621, 6
mp-756637, 6
mp-17236, 6
mp-753380, 6
mp-756280, 6
mp-1073325, 6
mp-555628, 6
mp-1048893, 6
mp-29941, 6
mp-2715054, 6
mp-1222804, 6
mp-1213179, 6
mp-558762, 6
mp-1228490, 6
mp-1221570, 6
mp-39770, 6
mp-2219434, 6
mp-1030454, 6
mp-1027645, 6
mp-1227675, 6
mp-1219520, 6
mp-2219260, 6
mp-976876, 6
mp-754447, 6
mp-1228005, 6
mp-1224920, 6
mp-1219383, 6
mp-15788, 6
mp-1247552, 6
mp-2222771, 6
mp-1236720, 6
mp-8189, 6
mp-778169, 6
mp-1028570, 6
mp-1226077, 6
mp-1236668, 6
mp-1227043, 6
mp-758220, 6
mp-1079366, 6
mp-780178, 6
mp-2039551, 6
mp-1221425, 6
mp-631631, 6
mp-757074, 6
mp-1196274, 6
mp-1219544, 6
mp-1227722, 6
mp-1213283, 6
mp-582042, 6
mp-5909, 6
mp-2224776, 6
mp-556173, 6
mp-1203195, 6
mp-1217900, 6
mp-2219025, 6
mp-1069815, 6
mp-1224879, 6
mp-768907, 6
mp-571654, 6
mp-1180938, 6
mp-1228574, 6
mp-1219607, 6
mp-1219982, 6
mp-1217611, 6
mp-32644, 6
mp-752752, 6
mp-2215808, 6
mp-1223149, 6
mp-685442, 6
mp-3282, 6
mp-774263, 6
mp-1190803, 6
mp-22449, 6
mp-1246454, 6
mp-1215225, 6
mp-1094853, 6
mp-677283, 6
mp-850808, 6
mp-1226767, 6
mp-572797, 6
mp-1228209, 6
mp-1247220, 6
mp-730487, 6
mp-1246382, 6
mp-27438, 6
mp-1030827, 6
mp-1228119, 6
mp-1229032, 6
mp-1096816, 6
mp-2218894, 6
mp-1189362, 6
mp-1246537, 6
mp-1218990, 6
mp-1215450, 6
mp-1202737, 6
mp-1044595, 6
mp-1224285, 6
mp-2219515, 6
mp-27957, 6
mp-3216, 6
mp-1402444, 6
mp-754130, 6
mp-1227263, 6
mp-1275794, 6
mp-1224911, 6
mp-1246487, 6
mp-1226232, 6
mp-19424, 6
mp-1120815, 6
mp-680148, 6
mp-29844, 6
mp-569563, 6
mp-13948, 6
mp-1219696, 6
mp-1246825, 6
mp-866807, 6
mp-1199991, 6
mp-9821, 6
mp-543040, 6
mp-2714869, 6
mp-21400, 6
mp-1220094, 6
mp-2217293, 6
mp-16622, 6
mp-1224194, 6
mp-1221846, 6
mp-1028686, 6
mp-567970, 6
mp-2218890, 6
mp-1224388, 6
mp-863330, 6
mp-510753, 6
mp-1187046, 6
mp-1044226, 6
mp-1217643, 6
mp-761524, 6
mp-1018791, 6
mp-4360, 6
mp-1221588, 6
mp-775212, 6
mp-757205, 6
mp-27629, 6
mp-28675, 6
mp-1246647, 6
mp-1023931, 6
mp-1225053, 6
mp-1029677, 6
mp-568039, 6
mp-850902, 6
mp-773026, 6
mp-31100, 6
mp-1216459, 6
mp-1190182, 6
mp-1222141, 6
mp-978640, 6
mp-2232170, 6
mp-21312, 6
mp-697180, 6
mp-859783, 6
mp-1303958, 6
mp-1229338, 6
mp-772997, 6
mp-571655, 6
mp-1220453, 6
mp-14513, 6
mp-999490, 6
mp-1221494, 6
mp-1028793, 6
mp-755087, 6
mp-1247217, 6
mp-554023, 6
mp-12017, 6
mp-2713958, 6
mp-2695851, 6
mp-558755, 6
mp-1017579, 6
mp-1103015, 6
mp-2240195, 6
mp-998624, 6
mp-831152, 6
mp-1101762, 6
mp-27734, 6
mp-1220861, 6
mp-554630, 6
mp-567653, 6
mp-2218449, 6
mp-1221581, 6
mp-997163, 6
mp-1104295, 6
mp-1195805, 6
mp-1029249, 6
mp-7853, 6
mp-773918, 6
mp-1104743, 6
mp-582084, 6
mp-1246969, 6
mp-1228145, 6
mp-1048070, 6
mp-1214888, 6
mp-777900, 6
mp-1217848, 6
mp-1215264, 6
mp-1183402, 6
mp-27683, 6
mp-1247445, 6
mp-27594, 6
mp-998234, 6
mp-1177800, 6
mp-1220424, 6
mp-756014, 6
mp-1216934, 6
mp-608080, 6
mp-1220371, 6
mp-777528, 6
mp-1080175, 6
mp-766328, 6
mp-569595, 6
mp-2226421, 6
mp-777990, 6
mp-554634, 6
mp-1226587, 6
mp-2222862, 6
mp-1223465, 6
mp-754016, 6
mp-2240753, 6
mp-1219195, 6
mp-1030578, 6
mp-17030, 6
